{"type":"FeatureCollection","features":[{"type":"Feature","properties":{"key":"ariyalur","name":"Ariyalur"},"geometry":{"type":"Polygon","coordinates":[[[79.459,11.151],[79.431,11.121],[79.422,11.097],[79.413,11.082],[79.399,11.067],[79.372,11.054],[79.358,11.049],[79.342,11.039],[79.335,11.031],[79.312,11.018],[79.291,11.014],[79.281,11.004],[79.27,10.988],[79.26,10.979],[79.24,10.965],[79.222,10.946],[79.205,10.94],[79.203,10.949],[79.194,10.948],[79.179,10.94],[79.157,10.942],[79.141,10.94],[79.123,10.93],[79.11,10.925],[79.084,10.927],[79.076,10.922],[79.067,10.908],[79.063,10.898],[79.048,10.888],[79.033,10.887],[79.006,10.894],[79.007,10.901],[79.002,10.922],[78.99,10.928],[78.982,10.927],[78.98,10.939],[78.972,10.948],[78.959,10.951],[78.95,10.956],[78.946,10.975],[78.973,10.972],[78.99,10.982],[78.99,10.994],[78.994,11.001],[79.012,11.01],[79.006,11.059],[79.024,11.068],[79.032,11.083],[79.044,11.086],[79.054,11.085],[79.069,11.11],[79.065,11.127],[79.055,11.13],[79.061,11.141],[79.061,11.153],[79.071,11.154],[79.073,11.17],[79.069,11.177],[79.078,11.18],[79.076,11.189],[79.067,11.189],[79.066,11.204],[79.085,11.205],[79.093,11.2],[79.095,11.217],[79.099,11.231],[79.111,11.231],[79.109,11.244],[79.122,11.249],[79.122,11.264],[79.115,11.27],[79.109,11.27],[79.11,11.283],[79.114,11.294],[79.13,11.298],[79.137,11.293],[79.143,11.302],[79.141,11.309],[79.125,11.311],[79.131,11.332],[79.141,11.332],[79.157,11.338],[79.159,11.349],[79.151,11.358],[79.153,11.367],[79.164,11.37],[79.168,11.378],[79.172,11.375],[79.183,11.375],[79.19,11.379],[79.212,11.386],[79.225,11.392],[79.236,11.39],[79.238,11.374],[79.246,11.371],[79.252,11.375],[79.259,11.388],[79.273,11.386],[79.274,11.38],[79.289,11.38],[79.296,11.382],[79.29,11.402],[79.293,11.412],[79.3,11.412],[79.313,11.418],[79.331,11.419],[79.346,11.416],[79.353,11.419],[79.367,11.418],[79.385,11.409],[79.392,11.388],[79.389,11.367],[79.394,11.367],[79.395,11.354],[79.405,11.354],[79.409,11.365],[79.415,11.362],[79.437,11.357],[79.437,11.349],[79.431,11.346],[79.438,11.334],[79.449,11.334],[79.461,11.325],[79.465,11.318],[79.474,11.314],[79.489,11.317],[79.498,11.314],[79.498,11.293],[79.501,11.29],[79.501,11.273],[79.505,11.265],[79.504,11.258],[79.495,11.259],[79.495,11.249],[79.51,11.228],[79.505,11.222],[79.502,11.203],[79.496,11.199],[79.487,11.186],[79.479,11.177],[79.472,11.177],[79.464,11.171],[79.459,11.151]]]}},{"type":"Feature","properties":{"key":"chengalpattu","name":"Chengalpattu"},"geometry":{"type":"Polygon","coordinates":[[[80.145,13.024],[80.145,13.017],[80.158,13.015],[80.161,12.998],[80.17,12.98],[80.181,12.978],[80.186,12.968],[80.196,12.969],[80.196,12.96],[80.202,12.954],[80.198,12.946],[80.189,12.941],[80.199,12.933],[80.201,12.924],[80.199,12.911],[80.217,12.911],[80.216,12.89],[80.209,12.873],[80.213,12.861],[80.22,12.853],[80.233,12.852],[80.236,12.858],[80.249,12.857],[80.248,12.81],[80.25,12.794],[80.255,12.782],[80.244,12.747],[80.222,12.69],[80.212,12.66],[80.201,12.632],[80.197,12.614],[80.187,12.587],[80.185,12.576],[80.169,12.537],[80.161,12.501],[80.157,12.469],[80.15,12.454],[80.113,12.402],[80.103,12.389],[80.083,12.366],[80.067,12.346],[80.034,12.302],[80.026,12.288],[80.015,12.265],[80.009,12.255],[80.004,12.257],[79.988,12.251],[79.983,12.241],[79.973,12.233],[79.96,12.234],[79.955,12.229],[79.944,12.242],[79.921,12.25],[79.925,12.232],[79.914,12.236],[79.901,12.229],[79.873,12.243],[79.865,12.252],[79.862,12.262],[79.847,12.276],[79.838,12.294],[79.833,12.298],[79.827,12.313],[79.82,12.312],[79.814,12.321],[79.804,12.327],[79.799,12.337],[79.788,12.336],[79.779,12.339],[79.75,12.325],[79.722,12.331],[79.716,12.335],[79.7,12.333],[79.697,12.325],[79.686,12.324],[79.683,12.317],[79.674,12.316],[79.661,12.323],[79.653,12.33],[79.649,12.341],[79.64,12.345],[79.647,12.359],[79.664,12.368],[79.668,12.377],[79.66,12.379],[79.669,12.394],[79.698,12.402],[79.699,12.41],[79.707,12.415],[79.709,12.428],[79.723,12.438],[79.734,12.43],[79.738,12.439],[79.733,12.449],[79.74,12.457],[79.749,12.457],[79.744,12.473],[79.747,12.483],[79.727,12.494],[79.745,12.503],[79.756,12.515],[79.744,12.532],[79.754,12.542],[79.754,12.562],[79.769,12.552],[79.777,12.552],[79.78,12.56],[79.793,12.561],[79.796,12.568],[79.813,12.565],[79.821,12.569],[79.821,12.579],[79.811,12.596],[79.815,12.606],[79.811,12.612],[79.806,12.629],[79.824,12.621],[79.844,12.626],[79.846,12.631],[79.863,12.627],[79.874,12.631],[79.892,12.632],[79.897,12.642],[79.909,12.64],[79.924,12.633],[79.929,12.637],[79.923,12.651],[79.924,12.658],[79.917,12.682],[79.917,12.696],[79.932,12.696],[79.931,12.702],[79.943,12.703],[79.953,12.699],[79.952,12.71],[79.941,12.73],[79.918,12.753],[79.905,12.755],[79.882,12.767],[79.888,12.777],[79.901,12.784],[79.909,12.8],[79.93,12.795],[79.932,12.787],[79.94,12.791],[79.956,12.791],[79.964,12.809],[79.978,12.815],[79.989,12.81],[80.006,12.813],[80.021,12.822],[80.03,12.823],[80.032,12.83],[80.051,12.839],[80.054,12.851],[80.061,12.864],[80.059,12.873],[80.052,12.883],[80.06,12.9],[80.07,12.917],[80.084,12.926],[80.091,12.947],[80.1,12.946],[80.104,12.955],[80.084,12.963],[80.084,12.972],[80.071,12.964],[80.054,12.958],[80.048,12.965],[80.053,12.983],[80.062,12.982],[80.061,13.001],[80.063,13.008],[80.08,13.016],[80.084,13.028],[80.083,13.036],[80.089,13.041],[80.097,13.036],[80.108,13.042],[80.119,13.035],[80.128,13.034],[80.134,13.045],[80.14,13.046],[80.146,13.037],[80.145,13.024]]]}},{"type":"Feature","properties":{"key":"chennai","name":"Chennai"},"geometry":{"type":"Polygon","coordinates":[[[80.145,13.024],[80.146,13.037],[80.14,13.046],[80.134,13.045],[80.141,13.049],[80.148,13.064],[80.153,13.054],[80.146,13.04],[80.159,13.042],[80.159,13.052],[80.163,13.073],[80.161,13.081],[80.146,13.088],[80.14,13.099],[80.14,13.107],[80.144,13.125],[80.148,13.13],[80.146,13.139],[80.154,13.142],[80.168,13.142],[80.176,13.147],[80.186,13.148],[80.193,13.158],[80.192,13.173],[80.202,13.181],[80.216,13.172],[80.224,13.184],[80.223,13.2],[80.232,13.197],[80.249,13.199],[80.25,13.206],[80.27,13.203],[80.273,13.218],[80.271,13.225],[80.278,13.23],[80.284,13.221],[80.297,13.214],[80.31,13.216],[80.318,13.23],[80.332,13.235],[80.324,13.203],[80.313,13.167],[80.299,13.138],[80.297,13.124],[80.302,13.115],[80.295,13.093],[80.301,13.09],[80.287,13.066],[80.281,13.04],[80.278,13.016],[80.272,12.997],[80.268,12.975],[80.244,12.98],[80.234,12.976],[80.221,12.965],[80.216,12.967],[80.204,12.983],[80.209,13.008],[80.199,13.016],[80.2,13.029],[80.187,13.023],[80.174,13.025],[80.15,13.026],[80.145,13.024]]]}},{"type":"Feature","properties":{"key":"coimbatore","name":"Coimbatore"},"geometry":{"type":"Polygon","coordinates":[[[77.147,11.336],[77.151,11.319],[77.151,11.306],[77.144,11.305],[77.126,11.307],[77.119,11.303],[77.12,11.29],[77.135,11.283],[77.144,11.287],[77.151,11.279],[77.17,11.283],[77.165,11.268],[77.163,11.252],[77.159,11.243],[77.159,11.231],[77.149,11.223],[77.145,11.208],[77.15,11.201],[77.159,11.197],[77.161,11.168],[77.173,11.168],[77.179,11.161],[77.179,11.15],[77.175,11.142],[77.181,11.138],[77.19,11.15],[77.196,11.144],[77.209,11.141],[77.214,11.127],[77.232,11.127],[77.234,11.139],[77.243,11.138],[77.252,11.128],[77.254,11.122],[77.263,11.114],[77.238,11.104],[77.216,11.09],[77.202,11.087],[77.195,11.079],[77.168,11.067],[77.166,11.06],[77.177,11.045],[77.179,11.036],[77.174,11.012],[77.167,11.005],[77.154,10.997],[77.159,10.991],[77.17,10.969],[77.17,10.957],[77.179,10.927],[77.189,10.918],[77.199,10.92],[77.211,10.902],[77.221,10.901],[77.237,10.907],[77.248,10.905],[77.256,10.889],[77.258,10.87],[77.267,10.859],[77.287,10.848],[77.29,10.832],[77.295,10.827],[77.298,10.811],[77.291,10.812],[77.278,10.803],[77.276,10.791],[77.278,10.784],[77.254,10.776],[77.23,10.777],[77.214,10.786],[77.21,10.791],[77.214,10.804],[77.196,10.803],[77.174,10.797],[77.172,10.802],[77.161,10.793],[77.16,10.779],[77.153,10.766],[77.145,10.765],[77.14,10.755],[77.134,10.75],[77.141,10.723],[77.143,10.695],[77.141,10.68],[77.145,10.66],[77.152,10.651],[77.173,10.644],[77.181,10.644],[77.176,10.628],[77.171,10.6],[77.166,10.591],[77.158,10.584],[77.144,10.583],[77.102,10.586],[77.091,10.584],[77.081,10.572],[77.083,10.564],[77.076,10.555],[77.073,10.54],[77.077,10.53],[77.073,10.516],[77.079,10.515],[77.078,10.503],[77.074,10.496],[77.064,10.487],[77.059,10.474],[77.071,10.458],[77.064,10.449],[77.056,10.445],[77.048,10.431],[77.042,10.426],[77.044,10.416],[77.061,10.405],[77.07,10.393],[77.087,10.378],[77.092,10.365],[77.088,10.36],[77.082,10.334],[77.088,10.325],[77.091,10.314],[77.073,10.299],[77.066,10.298],[77.056,10.287],[77.043,10.284],[77.053,10.272],[77.051,10.262],[77.04,10.253],[77.032,10.252],[77.017,10.246],[77.001,10.235],[76.999,10.23],[76.982,10.22],[76.971,10.229],[76.956,10.234],[76.953,10.232],[76.939,10.239],[76.922,10.232],[76.913,10.235],[76.901,10.251],[76.897,10.263],[76.891,10.263],[76.884,10.271],[76.873,10.276],[76.875,10.294],[76.871,10.299],[76.863,10.293],[76.845,10.294],[76.837,10.302],[76.83,10.304],[76.838,10.336],[76.836,10.346],[76.846,10.358],[76.849,10.368],[76.844,10.378],[76.834,10.383],[76.824,10.395],[76.834,10.403],[76.83,10.411],[76.816,10.424],[76.828,10.45],[76.831,10.5],[76.842,10.536],[76.835,10.545],[76.836,10.558],[76.839,10.565],[76.834,10.571],[76.838,10.596],[76.826,10.596],[76.817,10.603],[76.818,10.611],[76.812,10.62],[76.815,10.63],[76.831,10.638],[76.839,10.634],[76.868,10.633],[76.882,10.64],[76.884,10.648],[76.878,10.668],[76.877,10.677],[76.87,10.677],[76.866,10.685],[76.871,10.699],[76.882,10.717],[76.893,10.721],[76.889,10.728],[76.897,10.752],[76.902,10.758],[76.903,10.772],[76.907,10.783],[76.901,10.8],[76.901,10.807],[76.889,10.81],[76.87,10.808],[76.864,10.817],[76.848,10.819],[76.845,10.825],[76.854,10.835],[76.848,10.849],[76.832,10.86],[76.831,10.87],[76.792,10.881],[76.78,10.891],[76.768,10.887],[76.76,10.894],[76.741,10.891],[76.739,10.895],[76.708,10.91],[76.695,10.91],[76.677,10.918],[76.659,10.93],[76.656,10.939],[76.665,10.943],[76.664,10.951],[76.667,10.959],[76.667,10.968],[76.686,10.989],[76.691,11.013],[76.694,11.022],[76.71,11.034],[76.714,11.041],[76.738,11.04],[76.754,11.032],[76.767,11.029],[76.774,11.034],[76.792,11.037],[76.788,11.045],[76.778,11.042],[76.769,11.043],[76.761,11.052],[76.746,11.055],[76.741,11.07],[76.755,11.084],[76.739,11.104],[76.747,11.111],[76.745,11.131],[76.735,11.136],[76.731,11.131],[76.72,11.141],[76.716,11.149],[76.707,11.142],[76.69,11.16],[76.693,11.172],[76.707,11.179],[76.71,11.187],[76.72,11.187],[76.728,11.191],[76.722,11.204],[76.731,11.216],[76.726,11.219],[76.707,11.238],[76.701,11.246],[76.7,11.259],[76.71,11.261],[76.737,11.245],[76.743,11.253],[76.753,11.248],[76.756,11.255],[76.764,11.26],[76.77,11.277],[76.765,11.284],[76.769,11.29],[76.78,11.286],[76.787,11.279],[76.796,11.288],[76.798,11.295],[76.805,11.298],[76.818,11.29],[76.824,11.293],[76.843,11.287],[76.854,11.296],[76.859,11.313],[76.855,11.318],[76.848,11.335],[76.85,11.343],[76.859,11.343],[76.862,11.351],[76.884,11.352],[76.893,11.366],[76.899,11.363],[76.906,11.35],[76.915,11.356],[76.937,11.359],[76.933,11.376],[76.948,11.376],[76.957,11.381],[76.972,11.386],[76.98,11.379],[76.988,11.382],[76.992,11.377],[77.013,11.369],[77.026,11.375],[77.023,11.387],[77.032,11.385],[77.045,11.403],[77.061,11.404],[77.071,11.402],[77.069,11.391],[77.082,11.388],[77.093,11.399],[77.091,11.403],[77.11,11.406],[77.113,11.381],[77.128,11.378],[77.132,11.351],[77.142,11.337],[77.147,11.336]]]}},{"type":"Feature","properties":{"key":"cuddalore","name":"Cuddalore"},"geometry":{"type":"MultiPolygon","coordinates":[[[[79.459,11.151],[79.464,11.171],[79.472,11.177],[79.479,11.177],[79.487,11.186],[79.496,11.199],[79.502,11.203],[79.505,11.222],[79.51,11.228],[79.495,11.249],[79.495,11.259],[79.504,11.258],[79.505,11.265],[79.501,11.273],[79.501,11.29],[79.498,11.293],[79.498,11.314],[79.489,11.317],[79.474,11.314],[79.465,11.318],[79.461,11.325],[79.449,11.334],[79.438,11.334],[79.431,11.346],[79.437,11.349],[79.437,11.357],[79.415,11.362],[79.409,11.365],[79.405,11.354],[79.395,11.354],[79.394,11.367],[79.389,11.367],[79.392,11.388],[79.385,11.409],[79.367,11.418],[79.353,11.419],[79.346,11.416],[79.331,11.419],[79.313,11.418],[79.3,11.412],[79.293,11.412],[79.29,11.402],[79.296,11.382],[79.289,11.38],[79.274,11.38],[79.273,11.386],[79.259,11.388],[79.252,11.375],[79.246,11.371],[79.238,11.374],[79.236,11.39],[79.225,11.392],[79.212,11.386],[79.19,11.379],[79.183,11.375],[79.172,11.375],[79.168,11.378],[79.161,11.382],[79.147,11.383],[79.128,11.394],[79.106,11.402],[79.088,11.397],[79.056,11.403],[79.049,11.402],[79.032,11.394],[79.018,11.395],[79.006,11.4],[78.997,11.408],[78.986,11.403],[78.962,11.405],[78.949,11.418],[78.942,11.432],[78.929,11.443],[78.912,11.465],[78.909,11.475],[78.884,11.498],[78.878,11.508],[78.905,11.505],[78.911,11.523],[78.916,11.528],[78.915,11.539],[78.921,11.554],[78.924,11.567],[78.931,11.566],[78.943,11.571],[78.956,11.569],[78.97,11.574],[78.981,11.567],[78.996,11.576],[79.004,11.575],[79.015,11.59],[79.012,11.603],[79.018,11.607],[79.033,11.598],[79.042,11.599],[79.05,11.596],[79.043,11.587],[79.055,11.586],[79.071,11.599],[79.077,11.608],[79.066,11.611],[79.069,11.621],[79.067,11.63],[79.078,11.63],[79.084,11.634],[79.098,11.616],[79.115,11.612],[79.116,11.599],[79.134,11.594],[79.144,11.588],[79.15,11.597],[79.161,11.598],[79.178,11.591],[79.184,11.586],[79.193,11.593],[79.195,11.603],[79.209,11.619],[79.213,11.625],[79.21,11.634],[79.217,11.638],[79.225,11.632],[79.236,11.629],[79.241,11.642],[79.253,11.652],[79.271,11.644],[79.28,11.649],[79.291,11.647],[79.296,11.636],[79.309,11.633],[79.312,11.644],[79.328,11.649],[79.332,11.661],[79.352,11.659],[79.36,11.66],[79.362,11.673],[79.374,11.675],[79.385,11.681],[79.41,11.673],[79.418,11.668],[79.444,11.666],[79.443,11.686],[79.437,11.692],[79.435,11.703],[79.436,11.724],[79.428,11.731],[79.457,11.738],[79.463,11.743],[79.462,11.768],[79.454,11.77],[79.447,11.764],[79.436,11.768],[79.435,11.782],[79.442,11.808],[79.453,11.811],[79.467,11.806],[79.478,11.806],[79.483,11.812],[79.479,11.824],[79.478,11.837],[79.472,11.835],[79.467,11.848],[79.452,11.849],[79.45,11.854],[79.455,11.871],[79.468,11.872],[79.487,11.867],[79.51,11.858],[79.529,11.857],[79.543,11.848],[79.565,11.84],[79.58,11.844],[79.591,11.841],[79.602,11.83],[79.619,11.822],[79.624,11.812],[79.635,11.802],[79.647,11.799],[79.666,11.811],[79.675,11.807],[79.676,11.814],[79.686,11.813],[79.69,11.828],[79.7,11.832],[79.7,11.84],[79.694,11.848],[79.695,11.86],[79.689,11.864],[79.69,11.881],[79.685,11.881],[79.687,11.886],[79.71,11.889],[79.708,11.869],[79.718,11.854],[79.721,11.863],[79.74,11.864],[79.744,11.858],[79.743,11.848],[79.754,11.85],[79.754,11.864],[79.759,11.868],[79.757,11.876],[79.77,11.875],[79.771,11.862],[79.764,11.847],[79.766,11.841],[79.774,11.837],[79.782,11.856],[79.801,11.855],[79.808,11.845],[79.807,11.834],[79.798,11.828],[79.778,11.832],[79.773,11.823],[79.765,11.824],[79.764,11.834],[79.749,11.841],[79.737,11.842],[79.732,11.826],[79.736,11.809],[79.725,11.81],[79.723,11.796],[79.712,11.792],[79.72,11.785],[79.732,11.781],[79.74,11.781],[79.756,11.775],[79.762,11.791],[79.77,11.783],[79.78,11.781],[79.784,11.787],[79.796,11.786],[79.788,11.741],[79.781,11.713],[79.773,11.686],[79.761,11.624],[79.757,11.595],[79.757,11.556],[79.76,11.539],[79.777,11.488],[79.798,11.464],[79.803,11.454],[79.813,11.423],[79.807,11.401],[79.803,11.381],[79.792,11.372],[79.781,11.375],[79.774,11.381],[79.764,11.382],[79.757,11.373],[79.759,11.353],[79.735,11.35],[79.725,11.346],[79.712,11.337],[79.691,11.317],[79.676,11.308],[79.661,11.305],[79.65,11.299],[79.643,11.285],[79.645,11.27],[79.649,11.262],[79.648,11.252],[79.644,11.248],[79.634,11.246],[79.623,11.255],[79.616,11.256],[79.611,11.248],[79.609,11.229],[79.596,11.217],[79.562,11.208],[79.527,11.184],[79.5,11.176],[79.479,11.162],[79.473,11.161],[79.459,11.151]]],[[[79.782,11.902],[79.797,11.894],[79.792,11.878],[79.787,11.873],[79.785,11.863],[79.779,11.863],[79.78,11.875],[79.771,11.891],[79.772,11.899],[79.782,11.902]]]]}},{"type":"Feature","properties":{"key":"dharmapuri","name":"Dharmapuri"},"geometry":{"type":"Polygon","coordinates":[[[78.633,12.177],[78.647,12.164],[78.64,12.147],[78.63,12.135],[78.631,12.128],[78.647,12.129],[78.657,12.125],[78.664,12.115],[78.666,12.103],[78.684,12.106],[78.691,12.115],[78.706,12.121],[78.729,12.128],[78.738,12.134],[78.745,12.124],[78.734,12.113],[78.723,12.088],[78.72,12.067],[78.71,12.047],[78.704,12.03],[78.704,12.018],[78.7,12.006],[78.702,11.999],[78.698,11.993],[78.703,11.986],[78.717,11.984],[78.711,11.965],[78.713,11.951],[78.708,11.951],[78.705,11.939],[78.719,11.928],[78.724,11.92],[78.711,11.909],[78.708,11.898],[78.695,11.894],[78.69,11.904],[78.675,11.898],[78.66,11.895],[78.65,11.884],[78.635,11.888],[78.636,11.878],[78.627,11.869],[78.612,11.855],[78.596,11.823],[78.574,11.819],[78.547,11.807],[78.535,11.807],[78.522,11.815],[78.518,11.812],[78.499,11.814],[78.491,11.818],[78.478,11.818],[78.469,11.824],[78.455,11.826],[78.441,11.84],[78.433,11.862],[78.441,11.868],[78.435,11.874],[78.428,11.874],[78.414,11.88],[78.403,11.873],[78.4,11.863],[78.395,11.86],[78.387,11.846],[78.383,11.83],[78.351,11.793],[78.345,11.793],[78.328,11.776],[78.318,11.779],[78.316,11.785],[78.329,11.798],[78.351,11.834],[78.352,11.854],[78.368,11.881],[78.366,11.892],[78.355,11.892],[78.36,11.909],[78.354,11.912],[78.34,11.897],[78.328,11.894],[78.323,11.905],[78.331,11.919],[78.329,11.927],[78.32,11.932],[78.31,11.924],[78.302,11.923],[78.291,11.912],[78.293,11.907],[78.28,11.9],[78.272,11.903],[78.28,11.915],[78.281,11.932],[78.275,11.931],[78.264,11.918],[78.26,11.921],[78.272,11.936],[78.257,11.94],[78.253,11.951],[78.235,11.979],[78.19,11.973],[78.179,11.973],[78.169,11.968],[78.145,11.968],[78.129,11.964],[78.122,11.959],[78.096,11.953],[78.08,11.944],[78.073,11.938],[78.067,11.939],[78.039,11.936],[78.03,11.929],[78.027,11.921],[78.01,11.921],[77.998,11.91],[77.979,11.902],[77.97,11.896],[77.955,11.901],[77.947,11.895],[77.932,11.901],[77.917,11.898],[77.9,11.902],[77.895,11.907],[77.883,11.912],[77.872,11.912],[77.866,11.915],[77.851,11.906],[77.848,11.894],[77.836,11.901],[77.807,11.909],[77.796,11.909],[77.78,11.911],[77.763,11.91],[77.758,11.919],[77.74,11.932],[77.739,11.939],[77.69,11.942],[77.676,11.952],[77.674,11.963],[77.678,11.974],[77.696,12.016],[77.708,12.035],[77.727,12.061],[77.741,12.069],[77.756,12.08],[77.768,12.107],[77.777,12.114],[77.776,12.118],[77.757,12.13],[77.747,12.143],[77.747,12.156],[77.761,12.169],[77.772,12.172],[77.777,12.157],[77.794,12.148],[77.795,12.169],[77.803,12.176],[77.809,12.201],[77.811,12.227],[77.815,12.234],[77.834,12.246],[77.844,12.262],[77.854,12.262],[77.863,12.257],[77.868,12.266],[77.873,12.287],[77.875,12.303],[77.867,12.33],[77.877,12.334],[77.895,12.334],[77.909,12.327],[77.918,12.328],[77.927,12.325],[77.949,12.337],[77.95,12.349],[77.955,12.351],[77.949,12.375],[77.968,12.394],[77.97,12.414],[77.962,12.432],[77.945,12.449],[77.93,12.442],[77.924,12.456],[77.926,12.464],[77.935,12.469],[77.921,12.491],[77.907,12.49],[77.9,12.5],[77.909,12.513],[77.913,12.506],[77.921,12.504],[77.942,12.514],[77.95,12.505],[77.947,12.501],[77.954,12.492],[77.953,12.486],[77.966,12.486],[77.968,12.495],[77.979,12.497],[77.983,12.507],[77.99,12.509],[77.996,12.5],[78.012,12.503],[78.015,12.491],[78.013,12.484],[78.024,12.471],[78.027,12.46],[78.039,12.462],[78.041,12.473],[78.049,12.476],[78.06,12.467],[78.071,12.467],[78.079,12.462],[78.08,12.449],[78.099,12.446],[78.109,12.455],[78.117,12.455],[78.116,12.444],[78.122,12.445],[78.141,12.432],[78.137,12.417],[78.128,12.402],[78.136,12.38],[78.143,12.371],[78.154,12.366],[78.167,12.363],[78.164,12.351],[78.178,12.334],[78.196,12.332],[78.205,12.329],[78.216,12.334],[78.219,12.341],[78.227,12.349],[78.236,12.348],[78.241,12.334],[78.246,12.328],[78.23,12.318],[78.236,12.307],[78.232,12.302],[78.249,12.299],[78.263,12.289],[78.26,12.279],[78.268,12.263],[78.278,12.261],[78.281,12.267],[78.303,12.274],[78.308,12.266],[78.323,12.259],[78.334,12.264],[78.345,12.251],[78.353,12.247],[78.359,12.236],[78.355,12.226],[78.375,12.225],[78.386,12.228],[78.404,12.223],[78.392,12.205],[78.379,12.205],[78.375,12.2],[78.39,12.186],[78.4,12.188],[78.405,12.195],[78.412,12.196],[78.421,12.19],[78.446,12.191],[78.448,12.185],[78.465,12.178],[78.472,12.173],[78.467,12.149],[78.497,12.139],[78.508,12.146],[78.508,12.156],[78.514,12.162],[78.521,12.179],[78.555,12.18],[78.566,12.192],[78.574,12.194],[78.58,12.168],[78.584,12.164],[78.598,12.169],[78.612,12.182],[78.621,12.184],[78.633,12.177]]]}},{"type":"Feature","properties":{"key":"dindigul","name":"Dindigul"},"geometry":{"type":"Polygon","coordinates":[[[78.2,10.547],[78.19,10.538],[78.186,10.523],[78.177,10.517],[78.173,10.504],[78.192,10.501],[78.203,10.487],[78.207,10.474],[78.213,10.474],[78.218,10.467],[78.224,10.466],[78.234,10.47],[78.246,10.468],[78.252,10.463],[78.277,10.454],[78.296,10.45],[78.315,10.439],[78.307,10.424],[78.307,10.412],[78.303,10.407],[78.288,10.402],[78.288,10.395],[78.277,10.383],[78.279,10.373],[78.286,10.37],[78.292,10.362],[78.305,10.352],[78.318,10.349],[78.324,10.337],[78.338,10.325],[78.333,10.3],[78.339,10.287],[78.329,10.289],[78.33,10.268],[78.328,10.264],[78.33,10.249],[78.322,10.25],[78.323,10.239],[78.329,10.228],[78.32,10.214],[78.308,10.208],[78.304,10.211],[78.291,10.204],[78.282,10.191],[78.272,10.184],[78.27,10.164],[78.281,10.167],[78.284,10.149],[78.281,10.14],[78.281,10.13],[78.272,10.128],[78.274,10.121],[78.269,10.107],[78.261,10.102],[78.265,10.094],[78.26,10.086],[78.244,10.085],[78.236,10.078],[78.223,10.078],[78.213,10.075],[78.207,10.068],[78.201,10.074],[78.204,10.079],[78.179,10.093],[78.17,10.092],[78.169,10.102],[78.156,10.107],[78.165,10.124],[78.163,10.138],[78.159,10.144],[78.161,10.155],[78.153,10.162],[78.151,10.171],[78.143,10.182],[78.12,10.189],[78.097,10.19],[78.088,10.185],[78.078,10.184],[78.071,10.188],[78.06,10.185],[78.02,10.185],[78.013,10.171],[78.014,10.163],[78.002,10.163],[77.986,10.143],[77.984,10.136],[77.973,10.131],[77.964,10.136],[77.934,10.114],[77.934,10.105],[77.929,10.101],[77.919,10.072],[77.909,10.076],[77.898,10.075],[77.892,10.078],[77.884,10.075],[77.875,10.062],[77.868,10.071],[77.861,10.075],[77.836,10.074],[77.823,10.066],[77.813,10.069],[77.804,10.067],[77.789,10.054],[77.781,10.051],[77.764,10.056],[77.742,10.036],[77.717,10.018],[77.713,10.026],[77.712,10.034],[77.706,10.039],[77.71,10.05],[77.708,10.064],[77.708,10.082],[77.698,10.087],[77.703,10.103],[77.693,10.112],[77.676,10.118],[77.674,10.14],[77.676,10.145],[77.692,10.145],[77.698,10.134],[77.708,10.129],[77.719,10.13],[77.724,10.136],[77.725,10.154],[77.729,10.159],[77.716,10.17],[77.705,10.184],[77.701,10.196],[77.708,10.209],[77.697,10.206],[77.693,10.197],[77.686,10.202],[77.671,10.196],[77.668,10.19],[77.653,10.195],[77.649,10.201],[77.626,10.211],[77.621,10.218],[77.596,10.206],[77.603,10.2],[77.592,10.191],[77.587,10.193],[77.567,10.183],[77.569,10.193],[77.556,10.202],[77.536,10.179],[77.512,10.161],[77.5,10.161],[77.489,10.148],[77.477,10.148],[77.468,10.142],[77.468,10.134],[77.462,10.13],[77.445,10.136],[77.438,10.132],[77.428,10.136],[77.411,10.145],[77.409,10.158],[77.398,10.16],[77.384,10.146],[77.375,10.143],[77.36,10.151],[77.341,10.136],[77.329,10.142],[77.324,10.128],[77.313,10.135],[77.302,10.136],[77.287,10.127],[77.283,10.118],[77.267,10.122],[77.274,10.13],[77.272,10.142],[77.274,10.158],[77.273,10.165],[77.275,10.184],[77.283,10.197],[77.29,10.215],[77.295,10.218],[77.288,10.232],[77.294,10.247],[77.304,10.244],[77.311,10.246],[77.329,10.271],[77.336,10.266],[77.348,10.263],[77.351,10.276],[77.347,10.29],[77.338,10.304],[77.33,10.31],[77.327,10.321],[77.335,10.332],[77.33,10.341],[77.337,10.354],[77.316,10.356],[77.315,10.373],[77.317,10.404],[77.32,10.407],[77.319,10.418],[77.323,10.427],[77.32,10.434],[77.326,10.444],[77.323,10.449],[77.336,10.455],[77.345,10.448],[77.357,10.445],[77.371,10.449],[77.385,10.449],[77.384,10.473],[77.379,10.494],[77.393,10.495],[77.401,10.499],[77.405,10.509],[77.405,10.524],[77.378,10.526],[77.369,10.539],[77.369,10.55],[77.378,10.561],[77.384,10.59],[77.402,10.613],[77.412,10.617],[77.418,10.626],[77.434,10.632],[77.448,10.631],[77.453,10.639],[77.483,10.65],[77.505,10.643],[77.504,10.633],[77.516,10.613],[77.515,10.606],[77.543,10.61],[77.553,10.642],[77.564,10.649],[77.586,10.683],[77.595,10.676],[77.617,10.674],[77.637,10.669],[77.656,10.673],[77.659,10.692],[77.662,10.698],[77.665,10.716],[77.673,10.724],[77.695,10.735],[77.7,10.733],[77.706,10.716],[77.707,10.687],[77.706,10.678],[77.698,10.662],[77.711,10.649],[77.714,10.642],[77.723,10.641],[77.721,10.631],[77.728,10.63],[77.743,10.637],[77.754,10.651],[77.754,10.668],[77.773,10.68],[77.783,10.684],[77.794,10.685],[77.808,10.681],[77.815,10.679],[77.814,10.65],[77.831,10.633],[77.84,10.637],[77.872,10.634],[77.882,10.649],[77.896,10.646],[77.909,10.656],[77.914,10.648],[77.932,10.647],[77.935,10.644],[77.96,10.64],[77.975,10.641],[77.979,10.643],[77.973,10.655],[77.97,10.672],[77.975,10.675],[77.991,10.672],[78.006,10.675],[78.009,10.692],[78.009,10.708],[78.015,10.72],[78.009,10.722],[78.011,10.731],[77.999,10.73],[77.998,10.743],[77.967,10.744],[77.949,10.743],[77.931,10.737],[77.932,10.751],[77.939,10.766],[77.946,10.768],[77.983,10.759],[77.995,10.762],[77.999,10.774],[78.027,10.775],[78.028,10.781],[78.041,10.775],[78.058,10.773],[78.067,10.769],[78.07,10.776],[78.098,10.767],[78.1,10.779],[78.096,10.789],[78.105,10.805],[78.141,10.803],[78.149,10.804],[78.152,10.826],[78.159,10.833],[78.175,10.833],[78.18,10.811],[78.17,10.799],[78.169,10.778],[78.164,10.765],[78.152,10.741],[78.155,10.731],[78.153,10.707],[78.147,10.693],[78.145,10.677],[78.149,10.66],[78.146,10.65],[78.163,10.649],[78.16,10.64],[78.162,10.621],[78.165,10.614],[78.145,10.606],[78.136,10.597],[78.135,10.579],[78.139,10.563],[78.149,10.561],[78.161,10.562],[78.17,10.554],[78.18,10.56],[78.2,10.547]]]}},{"type":"Feature","properties":{"key":"erode","name":"Erode"},"geometry":{"type":"MultiPolygon","coordinates":[[[[77.147,11.336],[77.142,11.337],[77.132,11.351],[77.128,11.378],[77.113,11.381],[77.11,11.406],[77.091,11.403],[77.093,11.399],[77.082,11.388],[77.069,11.391],[77.071,11.402],[77.061,11.404],[77.045,11.403],[77.032,11.385],[77.023,11.387],[77.026,11.375],[77.013,11.369],[76.992,11.377],[76.988,11.382],[76.98,11.379],[76.972,11.386],[76.957,11.381],[76.968,11.392],[76.981,11.401],[76.977,11.407],[76.977,11.418],[76.983,11.44],[76.998,11.441],[77.007,11.434],[77.011,11.441],[77.012,11.452],[77,11.474],[76.991,11.481],[76.972,11.468],[76.967,11.47],[76.956,11.479],[76.935,11.482],[76.937,11.496],[76.934,11.507],[76.941,11.516],[76.938,11.527],[76.914,11.524],[76.907,11.528],[76.894,11.527],[76.866,11.52],[76.867,11.533],[76.863,11.544],[76.839,11.567],[76.835,11.575],[76.838,11.582],[76.846,11.586],[76.847,11.594],[76.856,11.599],[76.858,11.614],[76.851,11.616],[76.846,11.632],[76.835,11.64],[76.834,11.649],[76.842,11.662],[76.85,11.687],[76.862,11.704],[76.863,11.711],[76.874,11.724],[76.888,11.734],[76.888,11.742],[76.896,11.758],[76.897,11.776],[76.909,11.795],[76.922,11.792],[76.932,11.793],[76.944,11.788],[76.956,11.791],[76.961,11.782],[76.97,11.777],[76.983,11.801],[76.983,11.812],[76.994,11.809],[77.013,11.815],[77.03,11.805],[77.039,11.794],[77.035,11.783],[77.029,11.775],[77.035,11.77],[77.04,11.781],[77.05,11.79],[77.063,11.79],[77.069,11.784],[77.056,11.77],[77.071,11.751],[77.083,11.74],[77.081,11.737],[77.105,11.733],[77.118,11.722],[77.112,11.742],[77.113,11.766],[77.111,11.773],[77.138,11.773],[77.147,11.782],[77.182,11.786],[77.189,11.793],[77.218,11.795],[77.239,11.795],[77.25,11.804],[77.25,11.813],[77.288,11.8],[77.294,11.809],[77.313,11.794],[77.327,11.776],[77.335,11.771],[77.36,11.78],[77.369,11.787],[77.388,11.788],[77.396,11.786],[77.414,11.775],[77.422,11.772],[77.427,11.761],[77.425,11.751],[77.415,11.74],[77.419,11.729],[77.427,11.733],[77.435,11.732],[77.435,11.717],[77.443,11.717],[77.436,11.703],[77.442,11.681],[77.442,11.672],[77.454,11.666],[77.451,11.657],[77.439,11.648],[77.445,11.618],[77.459,11.607],[77.45,11.595],[77.452,11.581],[77.445,11.561],[77.486,11.55],[77.496,11.552],[77.493,11.559],[77.504,11.565],[77.516,11.579],[77.512,11.591],[77.528,11.586],[77.535,11.602],[77.537,11.619],[77.544,11.626],[77.557,11.645],[77.564,11.661],[77.572,11.665],[77.582,11.676],[77.578,11.685],[77.589,11.685],[77.593,11.673],[77.598,11.672],[77.611,11.652],[77.619,11.657],[77.623,11.665],[77.634,11.664],[77.64,11.683],[77.651,11.704],[77.663,11.721],[77.671,11.721],[77.672,11.728],[77.686,11.742],[77.706,11.776],[77.71,11.798],[77.722,11.795],[77.715,11.776],[77.71,11.771],[77.703,11.746],[77.697,11.736],[77.696,11.723],[77.691,11.719],[77.695,11.707],[77.69,11.695],[77.697,11.692],[77.695,11.674],[77.69,11.664],[77.689,11.652],[77.696,11.639],[77.705,11.634],[77.716,11.642],[77.715,11.649],[77.736,11.658],[77.746,11.655],[77.749,11.664],[77.771,11.697],[77.777,11.696],[77.769,11.679],[77.767,11.669],[77.762,11.657],[77.761,11.648],[77.75,11.632],[77.749,11.624],[77.736,11.604],[77.737,11.594],[77.746,11.571],[77.745,11.566],[77.732,11.552],[77.724,11.534],[77.733,11.517],[77.731,11.51],[77.703,11.483],[77.697,11.464],[77.686,11.442],[77.683,11.423],[77.687,11.415],[77.693,11.411],[77.703,11.396],[77.711,11.388],[77.717,11.378],[77.743,11.364],[77.752,11.352],[77.758,11.333],[77.769,11.326],[77.776,11.317],[77.784,11.3],[77.79,11.294],[77.809,11.267],[77.826,11.261],[77.839,11.261],[77.858,11.25],[77.866,11.24],[77.87,11.22],[77.87,11.212],[77.864,11.202],[77.862,11.189],[77.867,11.174],[77.879,11.164],[77.884,11.156],[77.882,11.125],[77.888,11.1],[77.888,11.087],[77.895,11.077],[77.905,11.073],[77.916,11.073],[77.933,11.07],[77.922,11.05],[77.905,11.044],[77.9,11.034],[77.889,11.033],[77.881,11.024],[77.868,11.024],[77.861,11.03],[77.854,11.032],[77.852,11.046],[77.839,11.045],[77.831,11.048],[77.827,11.064],[77.818,11.07],[77.809,11.07],[77.804,11.063],[77.793,11.067],[77.78,11.063],[77.777,11.058],[77.755,11.071],[77.738,11.085],[77.728,11.076],[77.713,11.078],[77.708,11.091],[77.696,11.096],[77.673,11.1],[77.661,11.104],[77.655,11.115],[77.645,11.117],[77.64,11.123],[77.616,11.127],[77.607,11.117],[77.595,11.112],[77.587,11.121],[77.575,11.119],[77.559,11.109],[77.538,11.108],[77.533,11.104],[77.513,11.106],[77.503,11.109],[77.505,11.125],[77.499,11.144],[77.489,11.141],[77.484,11.147],[77.485,11.16],[77.471,11.16],[77.47,11.165],[77.477,11.185],[77.489,11.179],[77.494,11.182],[77.512,11.183],[77.51,11.199],[77.499,11.206],[77.502,11.219],[77.496,11.23],[77.489,11.23],[77.486,11.237],[77.475,11.241],[77.465,11.252],[77.464,11.259],[77.469,11.27],[77.456,11.294],[77.459,11.304],[77.453,11.308],[77.439,11.308],[77.426,11.32],[77.419,11.31],[77.403,11.315],[77.394,11.322],[77.386,11.323],[77.38,11.331],[77.379,11.339],[77.363,11.341],[77.367,11.325],[77.361,11.316],[77.335,11.317],[77.333,11.307],[77.345,11.3],[77.348,11.29],[77.346,11.277],[77.341,11.267],[77.331,11.257],[77.304,11.267],[77.314,11.282],[77.292,11.287],[77.286,11.292],[77.289,11.302],[77.288,11.322],[77.293,11.33],[77.282,11.334],[77.272,11.324],[77.259,11.313],[77.25,11.311],[77.252,11.322],[77.241,11.324],[77.235,11.306],[77.221,11.302],[77.217,11.298],[77.202,11.302],[77.205,11.309],[77.218,11.306],[77.226,11.318],[77.236,11.314],[77.237,11.326],[77.226,11.342],[77.228,11.351],[77.218,11.352],[77.209,11.345],[77.199,11.343],[77.197,11.339],[77.179,11.342],[77.176,11.331],[77.183,11.32],[77.168,11.317],[77.158,11.333],[77.147,11.336]]],[[[77.532,11.848],[77.543,11.842],[77.545,11.833],[77.542,11.825],[77.547,11.82],[77.55,11.808],[77.556,11.801],[77.573,11.801],[77.572,11.785],[77.593,11.786],[77.606,11.792],[77.617,11.786],[77.625,11.767],[77.635,11.754],[77.632,11.729],[77.627,11.727],[77.621,11.737],[77.614,11.765],[77.59,11.772],[77.585,11.758],[77.596,11.751],[77.578,11.725],[77.583,11.722],[77.572,11.711],[77.564,11.73],[77.56,11.762],[77.557,11.766],[77.54,11.752],[77.547,11.748],[77.539,11.739],[77.525,11.752],[77.51,11.753],[77.496,11.741],[77.483,11.721],[77.469,11.707],[77.472,11.694],[77.457,11.678],[77.453,11.694],[77.45,11.697],[77.467,11.744],[77.48,11.739],[77.495,11.75],[77.499,11.75],[77.508,11.762],[77.529,11.776],[77.533,11.789],[77.527,11.8],[77.527,11.811],[77.532,11.815],[77.535,11.826],[77.534,11.837],[77.525,11.845],[77.532,11.848]]]]}},{"type":"Feature","properties":{"key":"kallakurichi","name":"Kallakurichi"},"geometry":{"type":"Polygon","coordinates":[[[79.455,11.871],[79.45,11.854],[79.452,11.849],[79.467,11.848],[79.472,11.835],[79.478,11.837],[79.479,11.824],[79.483,11.812],[79.478,11.806],[79.467,11.806],[79.453,11.811],[79.442,11.808],[79.435,11.782],[79.436,11.768],[79.447,11.764],[79.454,11.77],[79.462,11.768],[79.463,11.743],[79.457,11.738],[79.428,11.731],[79.436,11.724],[79.435,11.703],[79.437,11.692],[79.443,11.686],[79.444,11.666],[79.418,11.668],[79.41,11.673],[79.385,11.681],[79.374,11.675],[79.362,11.673],[79.36,11.66],[79.352,11.659],[79.332,11.661],[79.328,11.649],[79.312,11.644],[79.309,11.633],[79.296,11.636],[79.291,11.647],[79.28,11.649],[79.271,11.644],[79.253,11.652],[79.241,11.642],[79.236,11.629],[79.225,11.632],[79.217,11.638],[79.21,11.634],[79.213,11.625],[79.209,11.619],[79.195,11.603],[79.193,11.593],[79.184,11.586],[79.178,11.591],[79.161,11.598],[79.15,11.597],[79.144,11.588],[79.134,11.594],[79.116,11.599],[79.115,11.612],[79.098,11.616],[79.084,11.634],[79.078,11.63],[79.067,11.63],[79.069,11.621],[79.066,11.611],[79.077,11.608],[79.071,11.599],[79.055,11.586],[79.043,11.587],[79.05,11.596],[79.042,11.599],[79.033,11.598],[79.018,11.607],[79.012,11.603],[79.015,11.59],[79.004,11.575],[78.996,11.576],[78.981,11.567],[78.97,11.574],[78.956,11.569],[78.943,11.571],[78.931,11.566],[78.924,11.567],[78.921,11.554],[78.915,11.539],[78.916,11.528],[78.911,11.523],[78.905,11.505],[78.878,11.508],[78.871,11.518],[78.857,11.523],[78.843,11.523],[78.834,11.532],[78.835,11.54],[78.829,11.544],[78.816,11.542],[78.817,11.561],[78.828,11.577],[78.818,11.591],[78.794,11.599],[78.786,11.6],[78.777,11.605],[78.777,11.613],[78.786,11.613],[78.79,11.629],[78.786,11.637],[78.774,11.636],[78.787,11.649],[78.806,11.661],[78.805,11.666],[78.805,11.688],[78.791,11.693],[78.781,11.703],[78.754,11.694],[78.738,11.693],[78.725,11.689],[78.718,11.683],[78.71,11.69],[78.7,11.692],[78.682,11.682],[78.678,11.672],[78.68,11.644],[78.659,11.648],[78.66,11.662],[78.65,11.668],[78.653,11.716],[78.638,11.721],[78.639,11.741],[78.643,11.756],[78.643,11.768],[78.659,11.779],[78.665,11.796],[78.679,11.802],[78.692,11.804],[78.69,11.818],[78.694,11.834],[78.693,11.851],[78.678,11.858],[78.661,11.858],[78.655,11.865],[78.636,11.865],[78.627,11.869],[78.636,11.878],[78.635,11.888],[78.65,11.884],[78.66,11.895],[78.675,11.898],[78.69,11.904],[78.695,11.894],[78.708,11.898],[78.711,11.909],[78.724,11.92],[78.719,11.928],[78.705,11.939],[78.708,11.951],[78.713,11.951],[78.711,11.965],[78.717,11.984],[78.729,11.987],[78.744,11.997],[78.757,12.011],[78.771,12.007],[78.794,12.013],[78.805,12.019],[78.817,12.009],[78.842,12.007],[78.857,12.01],[78.865,12.004],[78.882,12.002],[78.912,12.005],[78.929,12.014],[78.943,12.029],[78.949,12.041],[78.943,12.053],[78.953,12.065],[78.96,12.069],[78.967,12.065],[78.978,12.067],[78.99,12.062],[78.995,12.068],[79.016,12.065],[79.032,12.064],[79.021,12.055],[79.029,12.048],[79.052,12.037],[79.065,12.059],[79.063,12.07],[79.075,12.07],[79.085,12.081],[79.098,12.069],[79.093,12.049],[79.081,12.039],[79.079,12.032],[79.095,12.03],[79.096,12.025],[79.107,12.02],[79.113,12.026],[79.125,12.019],[79.136,12.026],[79.139,12.036],[79.147,12.044],[79.165,12.032],[79.173,12.03],[79.17,12.019],[79.171,11.989],[79.186,11.986],[79.185,11.973],[79.209,11.975],[79.218,11.969],[79.222,11.962],[79.237,11.952],[79.264,11.95],[79.285,11.942],[79.293,11.944],[79.304,11.936],[79.308,11.92],[79.322,11.921],[79.349,11.926],[79.362,11.919],[79.375,11.92],[79.393,11.909],[79.414,11.899],[79.431,11.881],[79.441,11.873],[79.455,11.871]]]}},{"type":"Feature","properties":{"key":"kanchipuram","name":"Kanchipuram"},"geometry":{"type":"MultiPolygon","coordinates":[[[[80.249,12.857],[80.236,12.858],[80.233,12.852],[80.22,12.853],[80.213,12.861],[80.209,12.873],[80.216,12.89],[80.217,12.911],[80.199,12.911],[80.201,12.924],[80.199,12.933],[80.189,12.941],[80.198,12.946],[80.202,12.954],[80.196,12.96],[80.196,12.969],[80.186,12.968],[80.181,12.978],[80.17,12.98],[80.161,12.998],[80.158,13.015],[80.145,13.017],[80.145,13.024],[80.15,13.026],[80.174,13.025],[80.187,13.023],[80.2,13.029],[80.199,13.016],[80.209,13.008],[80.204,12.983],[80.216,12.967],[80.221,12.965],[80.234,12.976],[80.244,12.98],[80.268,12.975],[80.259,12.934],[80.249,12.857]]],[[[80.08,13.016],[80.063,13.008],[80.061,13.001],[80.062,12.982],[80.053,12.983],[80.048,12.965],[80.054,12.958],[80.071,12.964],[80.084,12.972],[80.084,12.963],[80.104,12.955],[80.1,12.946],[80.091,12.947],[80.084,12.926],[80.07,12.917],[80.06,12.9],[80.052,12.883],[80.059,12.873],[80.061,12.864],[80.054,12.851],[80.051,12.839],[80.032,12.83],[80.03,12.823],[80.021,12.822],[80.006,12.813],[79.989,12.81],[79.978,12.815],[79.964,12.809],[79.956,12.791],[79.94,12.791],[79.932,12.787],[79.93,12.795],[79.909,12.8],[79.901,12.784],[79.888,12.777],[79.882,12.767],[79.905,12.755],[79.918,12.753],[79.941,12.73],[79.952,12.71],[79.953,12.699],[79.943,12.703],[79.931,12.702],[79.932,12.696],[79.917,12.696],[79.917,12.682],[79.924,12.658],[79.923,12.651],[79.929,12.637],[79.924,12.633],[79.909,12.64],[79.897,12.642],[79.892,12.632],[79.874,12.631],[79.863,12.627],[79.846,12.631],[79.844,12.626],[79.824,12.621],[79.806,12.629],[79.811,12.612],[79.815,12.606],[79.811,12.596],[79.821,12.579],[79.821,12.569],[79.813,12.565],[79.796,12.568],[79.793,12.561],[79.78,12.56],[79.777,12.552],[79.769,12.552],[79.754,12.562],[79.754,12.542],[79.744,12.532],[79.721,12.547],[79.715,12.55],[79.719,12.565],[79.706,12.569],[79.707,12.575],[79.716,12.581],[79.725,12.579],[79.725,12.587],[79.71,12.593],[79.697,12.595],[79.691,12.601],[79.678,12.599],[79.666,12.593],[79.654,12.603],[79.647,12.602],[79.644,12.613],[79.645,12.625],[79.63,12.631],[79.637,12.644],[79.638,12.655],[79.643,12.657],[79.647,12.67],[79.659,12.671],[79.671,12.667],[79.682,12.668],[79.695,12.674],[79.704,12.676],[79.722,12.684],[79.744,12.697],[79.738,12.704],[79.736,12.719],[79.727,12.723],[79.723,12.732],[79.741,12.734],[79.745,12.744],[79.731,12.756],[79.712,12.757],[79.707,12.766],[79.708,12.776],[79.698,12.776],[79.69,12.783],[79.673,12.791],[79.67,12.777],[79.66,12.776],[79.659,12.767],[79.655,12.764],[79.646,12.772],[79.65,12.782],[79.641,12.786],[79.643,12.803],[79.639,12.814],[79.628,12.821],[79.608,12.829],[79.603,12.827],[79.585,12.835],[79.579,12.843],[79.56,12.854],[79.567,12.859],[79.564,12.869],[79.559,12.872],[79.557,12.885],[79.564,12.886],[79.568,12.9],[79.578,12.9],[79.62,12.913],[79.638,12.924],[79.641,12.923],[79.662,12.93],[79.659,12.951],[79.665,12.952],[79.683,12.962],[79.699,12.975],[79.72,12.981],[79.734,12.987],[79.745,12.996],[79.748,13.003],[79.781,13.023],[79.79,13.025],[79.797,13.028],[79.801,13.015],[79.811,13.018],[79.823,13.028],[79.83,12.996],[79.813,12.989],[79.822,12.978],[79.822,12.967],[79.832,12.964],[79.832,12.958],[79.848,12.956],[79.852,12.949],[79.872,12.947],[79.88,12.948],[79.891,12.945],[79.895,12.949],[79.896,12.959],[79.904,12.966],[79.91,12.967],[79.914,12.979],[79.889,12.992],[79.9,12.996],[79.908,13.004],[79.925,12.991],[79.936,12.992],[79.942,13.001],[79.942,13.009],[79.92,13.02],[79.9,13.017],[79.897,13.032],[79.901,13.049],[79.918,13.047],[79.917,13.036],[79.937,13.033],[79.949,13.034],[79.956,13.038],[79.969,13.037],[79.97,13.049],[79.979,13.049],[79.98,13.033],[79.987,13.03],[79.995,13.047],[80.006,13.042],[80.024,13.04],[80.022,13.024],[80.027,13.02],[80.044,13.02],[80.061,13.028],[80.062,13.035],[80.071,13.037],[80.08,13.016]]]]}},{"type":"Feature","properties":{"key":"kanyakumari","name":"Kanyakumari"},"geometry":{"type":"Polygon","coordinates":[[[77.589,8.142],[77.577,8.137],[77.559,8.12],[77.557,8.112],[77.561,8.091],[77.553,8.086],[77.551,8.078],[77.533,8.078],[77.526,8.082],[77.499,8.085],[77.459,8.093],[77.445,8.095],[77.423,8.1],[77.352,8.122],[77.325,8.127],[77.316,8.122],[77.304,8.132],[77.298,8.147],[77.275,8.163],[77.256,8.172],[77.248,8.173],[77.235,8.181],[77.22,8.199],[77.185,8.219],[77.167,8.24],[77.149,8.256],[77.127,8.27],[77.111,8.283],[77.096,8.293],[77.102,8.306],[77.113,8.304],[77.123,8.309],[77.119,8.321],[77.145,8.33],[77.154,8.328],[77.167,8.332],[77.172,8.321],[77.177,8.326],[77.167,8.343],[77.175,8.35],[77.174,8.359],[77.154,8.361],[77.16,8.369],[77.161,8.39],[77.17,8.386],[77.182,8.396],[77.183,8.405],[77.198,8.42],[77.207,8.445],[77.228,8.447],[77.227,8.458],[77.214,8.47],[77.212,8.477],[77.212,8.492],[77.202,8.501],[77.214,8.513],[77.222,8.512],[77.232,8.507],[77.24,8.497],[77.251,8.505],[77.262,8.507],[77.275,8.538],[77.284,8.547],[77.274,8.56],[77.275,8.566],[77.269,8.579],[77.285,8.568],[77.302,8.566],[77.309,8.56],[77.317,8.561],[77.337,8.553],[77.353,8.539],[77.36,8.541],[77.367,8.525],[77.375,8.518],[77.389,8.524],[77.403,8.517],[77.412,8.517],[77.439,8.507],[77.447,8.498],[77.444,8.476],[77.458,8.468],[77.472,8.455],[77.463,8.441],[77.462,8.428],[77.469,8.415],[77.472,8.401],[77.489,8.388],[77.491,8.379],[77.499,8.38],[77.507,8.387],[77.52,8.382],[77.531,8.393],[77.542,8.379],[77.534,8.368],[77.54,8.347],[77.541,8.335],[77.533,8.335],[77.535,8.325],[77.531,8.318],[77.542,8.311],[77.548,8.295],[77.558,8.285],[77.554,8.277],[77.563,8.276],[77.562,8.262],[77.574,8.256],[77.575,8.245],[77.547,8.244],[77.542,8.232],[77.548,8.219],[77.544,8.21],[77.549,8.19],[77.547,8.179],[77.538,8.174],[77.54,8.161],[77.562,8.157],[77.569,8.152],[77.582,8.151],[77.589,8.142]]]}},{"type":"Feature","properties":{"key":"karur","name":"Karur"},"geometry":{"type":"Polygon","coordinates":[[[78.2,10.547],[78.18,10.56],[78.17,10.554],[78.161,10.562],[78.149,10.561],[78.139,10.563],[78.135,10.579],[78.136,10.597],[78.145,10.606],[78.165,10.614],[78.162,10.621],[78.16,10.64],[78.163,10.649],[78.146,10.65],[78.149,10.66],[78.145,10.677],[78.147,10.693],[78.153,10.707],[78.155,10.731],[78.152,10.741],[78.164,10.765],[78.169,10.778],[78.17,10.799],[78.18,10.811],[78.175,10.833],[78.159,10.833],[78.152,10.826],[78.149,10.804],[78.141,10.803],[78.105,10.805],[78.096,10.789],[78.1,10.779],[78.098,10.767],[78.07,10.776],[78.067,10.769],[78.058,10.773],[78.041,10.775],[78.028,10.781],[78.027,10.775],[77.999,10.774],[77.995,10.762],[77.983,10.759],[77.946,10.768],[77.939,10.766],[77.932,10.751],[77.931,10.737],[77.949,10.743],[77.967,10.744],[77.998,10.743],[77.999,10.73],[78.011,10.731],[78.009,10.722],[78.015,10.72],[78.009,10.708],[78.009,10.692],[78.006,10.675],[77.991,10.672],[77.975,10.675],[77.97,10.672],[77.973,10.655],[77.979,10.643],[77.975,10.641],[77.96,10.64],[77.935,10.644],[77.932,10.647],[77.914,10.648],[77.909,10.656],[77.896,10.646],[77.882,10.649],[77.872,10.634],[77.84,10.637],[77.831,10.633],[77.814,10.65],[77.815,10.679],[77.808,10.681],[77.808,10.694],[77.825,10.715],[77.822,10.734],[77.827,10.75],[77.813,10.758],[77.798,10.752],[77.788,10.756],[77.782,10.764],[77.771,10.767],[77.778,10.79],[77.794,10.79],[77.799,10.806],[77.817,10.799],[77.828,10.798],[77.828,10.792],[77.836,10.787],[77.855,10.784],[77.871,10.772],[77.878,10.776],[77.892,10.774],[77.892,10.792],[77.878,10.789],[77.87,10.801],[77.875,10.81],[77.872,10.822],[77.871,10.84],[77.856,10.849],[77.845,10.837],[77.833,10.837],[77.821,10.858],[77.809,10.858],[77.796,10.866],[77.796,10.877],[77.786,10.885],[77.784,10.873],[77.777,10.87],[77.773,10.877],[77.772,10.893],[77.761,10.903],[77.762,10.924],[77.767,10.935],[77.77,10.962],[77.753,10.966],[77.751,10.981],[77.759,10.98],[77.762,10.985],[77.781,10.998],[77.79,11.019],[77.792,11.033],[77.782,11.039],[77.782,11.051],[77.777,11.058],[77.78,11.063],[77.793,11.067],[77.804,11.063],[77.809,11.07],[77.818,11.07],[77.827,11.064],[77.831,11.048],[77.839,11.045],[77.852,11.046],[77.854,11.032],[77.861,11.03],[77.868,11.024],[77.881,11.024],[77.889,11.033],[77.9,11.034],[77.905,11.044],[77.922,11.05],[77.933,11.07],[77.946,11.065],[77.964,11.075],[77.981,11.09],[77.991,11.096],[78.011,11.095],[78.027,11.091],[78.046,11.081],[78.055,11.074],[78.071,11.079],[78.102,11.075],[78.119,11.061],[78.135,11.042],[78.145,11.037],[78.16,11.022],[78.165,11.013],[78.171,10.995],[78.182,10.979],[78.187,10.98],[78.198,10.971],[78.195,10.963],[78.207,10.959],[78.227,10.96],[78.25,10.969],[78.273,10.968],[78.303,10.964],[78.317,10.964],[78.342,10.961],[78.38,10.964],[78.384,10.96],[78.403,10.961],[78.428,10.947],[78.439,10.937],[78.453,10.926],[78.469,10.921],[78.464,10.914],[78.48,10.908],[78.482,10.904],[78.472,10.898],[78.471,10.886],[78.485,10.886],[78.494,10.894],[78.502,10.887],[78.52,10.882],[78.527,10.882],[78.551,10.878],[78.563,10.864],[78.579,10.85],[78.573,10.836],[78.588,10.829],[78.576,10.808],[78.555,10.813],[78.547,10.802],[78.547,10.791],[78.557,10.789],[78.572,10.775],[78.562,10.765],[78.567,10.758],[78.566,10.74],[78.552,10.723],[78.534,10.716],[78.528,10.71],[78.517,10.707],[78.513,10.695],[78.49,10.698],[78.475,10.704],[78.468,10.699],[78.471,10.69],[78.457,10.687],[78.451,10.69],[78.434,10.688],[78.429,10.676],[78.421,10.671],[78.407,10.674],[78.4,10.682],[78.399,10.696],[78.384,10.717],[78.374,10.718],[78.378,10.726],[78.359,10.726],[78.345,10.722],[78.342,10.705],[78.334,10.71],[78.321,10.709],[78.316,10.702],[78.293,10.702],[78.289,10.714],[78.292,10.735],[78.282,10.731],[78.277,10.696],[78.274,10.687],[78.265,10.626],[78.263,10.615],[78.256,10.601],[78.26,10.596],[78.263,10.579],[78.257,10.57],[78.25,10.569],[78.243,10.554],[78.231,10.55],[78.209,10.55],[78.2,10.547]]]}},{"type":"Feature","properties":{"key":"krishnagiri","name":"Krishnagiri"},"geometry":{"type":"Polygon","coordinates":[[[78.633,12.177],[78.621,12.184],[78.612,12.182],[78.598,12.169],[78.584,12.164],[78.58,12.168],[78.574,12.194],[78.566,12.192],[78.555,12.18],[78.521,12.179],[78.514,12.162],[78.508,12.156],[78.508,12.146],[78.497,12.139],[78.467,12.149],[78.472,12.173],[78.465,12.178],[78.448,12.185],[78.446,12.191],[78.421,12.19],[78.412,12.196],[78.405,12.195],[78.4,12.188],[78.39,12.186],[78.375,12.2],[78.379,12.205],[78.392,12.205],[78.404,12.223],[78.386,12.228],[78.375,12.225],[78.355,12.226],[78.359,12.236],[78.353,12.247],[78.345,12.251],[78.334,12.264],[78.323,12.259],[78.308,12.266],[78.303,12.274],[78.281,12.267],[78.278,12.261],[78.268,12.263],[78.26,12.279],[78.263,12.289],[78.249,12.299],[78.232,12.302],[78.236,12.307],[78.23,12.318],[78.246,12.328],[78.241,12.334],[78.236,12.348],[78.227,12.349],[78.219,12.341],[78.216,12.334],[78.205,12.329],[78.196,12.332],[78.178,12.334],[78.164,12.351],[78.167,12.363],[78.154,12.366],[78.143,12.371],[78.136,12.38],[78.128,12.402],[78.137,12.417],[78.141,12.432],[78.122,12.445],[78.116,12.444],[78.117,12.455],[78.109,12.455],[78.099,12.446],[78.08,12.449],[78.079,12.462],[78.071,12.467],[78.06,12.467],[78.049,12.476],[78.041,12.473],[78.039,12.462],[78.027,12.46],[78.024,12.471],[78.013,12.484],[78.015,12.491],[78.012,12.503],[77.996,12.5],[77.99,12.509],[77.983,12.507],[77.979,12.497],[77.968,12.495],[77.966,12.486],[77.953,12.486],[77.954,12.492],[77.947,12.501],[77.95,12.505],[77.942,12.514],[77.921,12.504],[77.913,12.506],[77.909,12.513],[77.9,12.5],[77.907,12.49],[77.921,12.491],[77.935,12.469],[77.926,12.464],[77.924,12.456],[77.93,12.442],[77.945,12.449],[77.962,12.432],[77.97,12.414],[77.968,12.394],[77.949,12.375],[77.955,12.351],[77.95,12.349],[77.949,12.337],[77.927,12.325],[77.918,12.328],[77.909,12.327],[77.895,12.334],[77.877,12.334],[77.867,12.33],[77.875,12.303],[77.873,12.287],[77.868,12.266],[77.863,12.257],[77.854,12.262],[77.844,12.262],[77.834,12.246],[77.815,12.234],[77.811,12.227],[77.809,12.201],[77.803,12.176],[77.795,12.169],[77.794,12.148],[77.777,12.157],[77.772,12.172],[77.761,12.169],[77.747,12.156],[77.735,12.17],[77.731,12.18],[77.722,12.183],[77.711,12.182],[77.697,12.186],[77.655,12.199],[77.64,12.196],[77.63,12.202],[77.621,12.2],[77.613,12.206],[77.599,12.2],[77.583,12.198],[77.575,12.201],[77.563,12.197],[77.548,12.204],[77.535,12.198],[77.519,12.194],[77.493,12.197],[77.486,12.204],[77.475,12.206],[77.472,12.21],[77.483,12.23],[77.478,12.24],[77.471,12.244],[77.474,12.256],[77.478,12.259],[77.479,12.271],[77.488,12.28],[77.501,12.282],[77.509,12.276],[77.527,12.279],[77.533,12.291],[77.551,12.291],[77.558,12.306],[77.566,12.306],[77.579,12.336],[77.592,12.34],[77.599,12.351],[77.601,12.358],[77.613,12.361],[77.62,12.383],[77.623,12.412],[77.63,12.418],[77.626,12.431],[77.629,12.445],[77.627,12.458],[77.632,12.472],[77.635,12.487],[77.626,12.496],[77.616,12.483],[77.607,12.475],[77.596,12.475],[77.584,12.479],[77.602,12.497],[77.615,12.504],[77.611,12.514],[77.587,12.515],[77.589,12.527],[77.585,12.537],[77.586,12.546],[77.58,12.552],[77.579,12.573],[77.591,12.592],[77.591,12.615],[77.596,12.622],[77.606,12.628],[77.596,12.65],[77.599,12.667],[77.624,12.674],[77.638,12.676],[77.66,12.684],[77.676,12.679],[77.679,12.66],[77.69,12.659],[77.704,12.661],[77.711,12.667],[77.712,12.683],[77.723,12.68],[77.724,12.672],[77.74,12.674],[77.741,12.686],[77.735,12.692],[77.74,12.7],[77.761,12.697],[77.765,12.701],[77.766,12.714],[77.774,12.724],[77.762,12.727],[77.763,12.737],[77.768,12.74],[77.784,12.741],[77.792,12.747],[77.794,12.758],[77.779,12.768],[77.791,12.783],[77.799,12.796],[77.807,12.794],[77.802,12.817],[77.808,12.823],[77.81,12.832],[77.796,12.835],[77.792,12.842],[77.799,12.852],[77.808,12.848],[77.816,12.856],[77.823,12.856],[77.832,12.862],[77.836,12.87],[77.857,12.869],[77.876,12.867],[77.89,12.87],[77.895,12.879],[77.908,12.879],[77.909,12.885],[77.922,12.885],[77.929,12.891],[77.936,12.887],[77.935,12.881],[77.939,12.873],[77.937,12.867],[77.923,12.856],[77.924,12.851],[77.917,12.838],[77.921,12.828],[77.927,12.83],[77.934,12.823],[77.941,12.823],[77.946,12.84],[77.941,12.845],[77.944,12.858],[77.953,12.856],[77.953,12.85],[77.965,12.848],[77.964,12.833],[77.98,12.835],[77.979,12.827],[77.99,12.822],[77.989,12.808],[78.007,12.808],[78.015,12.814],[78.004,12.823],[78.011,12.831],[78.018,12.831],[78.031,12.852],[78.05,12.849],[78.059,12.851],[78.06,12.844],[78.077,12.84],[78.074,12.831],[78.086,12.832],[78.09,12.817],[78.109,12.804],[78.12,12.802],[78.134,12.782],[78.145,12.781],[78.168,12.77],[78.177,12.776],[78.184,12.776],[78.203,12.771],[78.213,12.765],[78.224,12.766],[78.231,12.761],[78.236,12.738],[78.241,12.73],[78.231,12.713],[78.227,12.715],[78.218,12.709],[78.207,12.708],[78.21,12.701],[78.2,12.693],[78.211,12.686],[78.229,12.687],[78.238,12.686],[78.24,12.703],[78.252,12.706],[78.268,12.705],[78.276,12.702],[78.292,12.682],[78.296,12.671],[78.318,12.662],[78.332,12.649],[78.344,12.649],[78.356,12.636],[78.37,12.628],[78.379,12.625],[78.393,12.627],[78.413,12.627],[78.407,12.62],[78.41,12.614],[78.407,12.602],[78.41,12.588],[78.421,12.57],[78.416,12.551],[78.417,12.535],[78.413,12.517],[78.419,12.514],[78.416,12.488],[78.435,12.461],[78.45,12.449],[78.448,12.444],[78.453,12.43],[78.448,12.414],[78.442,12.408],[78.436,12.394],[78.46,12.385],[78.464,12.392],[78.487,12.39],[78.495,12.409],[78.509,12.399],[78.514,12.407],[78.526,12.399],[78.544,12.398],[78.555,12.39],[78.569,12.388],[78.57,12.38],[78.582,12.366],[78.584,12.361],[78.612,12.352],[78.617,12.347],[78.611,12.33],[78.604,12.331],[78.599,12.323],[78.598,12.313],[78.609,12.31],[78.613,12.294],[78.604,12.279],[78.601,12.268],[78.61,12.261],[78.617,12.268],[78.624,12.265],[78.64,12.281],[78.644,12.281],[78.639,12.264],[78.648,12.258],[78.653,12.252],[78.651,12.24],[78.665,12.233],[78.673,12.235],[78.68,12.223],[78.689,12.222],[78.68,12.207],[78.67,12.197],[78.648,12.194],[78.641,12.198],[78.633,12.177]]]}},{"type":"Feature","properties":{"key":"madurai","name":"Madurai"},"geometry":{"type":"Polygon","coordinates":[[[77.713,10.026],[77.717,10.018],[77.742,10.036],[77.764,10.056],[77.781,10.051],[77.789,10.054],[77.804,10.067],[77.813,10.069],[77.823,10.066],[77.836,10.074],[77.861,10.075],[77.868,10.071],[77.875,10.062],[77.884,10.075],[77.892,10.078],[77.898,10.075],[77.909,10.076],[77.919,10.072],[77.929,10.101],[77.934,10.105],[77.934,10.114],[77.964,10.136],[77.973,10.131],[77.984,10.136],[77.986,10.143],[78.002,10.163],[78.014,10.163],[78.013,10.171],[78.02,10.185],[78.06,10.185],[78.071,10.188],[78.078,10.184],[78.088,10.185],[78.097,10.19],[78.12,10.189],[78.143,10.182],[78.151,10.171],[78.153,10.162],[78.161,10.155],[78.159,10.144],[78.163,10.138],[78.165,10.124],[78.156,10.107],[78.169,10.102],[78.17,10.092],[78.179,10.093],[78.204,10.079],[78.201,10.074],[78.207,10.068],[78.213,10.075],[78.223,10.078],[78.236,10.078],[78.244,10.085],[78.26,10.086],[78.265,10.094],[78.261,10.102],[78.269,10.107],[78.274,10.121],[78.272,10.128],[78.281,10.13],[78.281,10.14],[78.284,10.149],[78.281,10.167],[78.27,10.164],[78.272,10.184],[78.282,10.191],[78.291,10.204],[78.304,10.211],[78.308,10.208],[78.32,10.214],[78.329,10.228],[78.323,10.239],[78.322,10.25],[78.33,10.249],[78.328,10.264],[78.33,10.268],[78.329,10.289],[78.339,10.287],[78.333,10.3],[78.35,10.299],[78.361,10.296],[78.372,10.309],[78.379,10.31],[78.391,10.302],[78.391,10.296],[78.384,10.29],[78.388,10.27],[78.406,10.276],[78.418,10.275],[78.424,10.271],[78.425,10.259],[78.411,10.257],[78.406,10.25],[78.398,10.25],[78.393,10.244],[78.398,10.225],[78.408,10.223],[78.412,10.212],[78.405,10.199],[78.404,10.192],[78.395,10.174],[78.399,10.166],[78.413,10.161],[78.402,10.139],[78.425,10.133],[78.43,10.126],[78.437,10.132],[78.453,10.119],[78.457,10.124],[78.474,10.121],[78.471,10.11],[78.457,10.101],[78.458,10.084],[78.463,10.079],[78.462,10.072],[78.454,10.07],[78.453,10.059],[78.437,10.061],[78.428,10.053],[78.431,10.036],[78.443,10.034],[78.456,10.018],[78.458,10.011],[78.455,9.992],[78.448,9.986],[78.454,9.98],[78.457,9.969],[78.423,9.96],[78.413,9.957],[78.389,9.952],[78.378,9.961],[78.371,9.961],[78.369,9.949],[78.37,9.935],[78.367,9.934],[78.34,9.938],[78.334,9.931],[78.317,9.926],[78.313,9.92],[78.31,9.899],[78.314,9.89],[78.313,9.875],[78.31,9.865],[78.293,9.862],[78.287,9.87],[78.264,9.87],[78.25,9.874],[78.255,9.864],[78.267,9.856],[78.261,9.848],[78.258,9.834],[78.247,9.837],[78.239,9.845],[78.244,9.854],[78.241,9.86],[78.229,9.865],[78.223,9.863],[78.21,9.875],[78.203,9.876],[78.195,9.869],[78.188,9.872],[78.181,9.868],[78.161,9.876],[78.151,9.875],[78.151,9.852],[78.141,9.851],[78.125,9.855],[78.123,9.849],[78.132,9.833],[78.132,9.82],[78.135,9.811],[78.143,9.813],[78.153,9.822],[78.152,9.828],[78.165,9.828],[78.179,9.823],[78.188,9.815],[78.193,9.807],[78.188,9.795],[78.183,9.793],[78.174,9.776],[78.16,9.775],[78.162,9.782],[78.168,9.783],[78.171,9.795],[78.159,9.805],[78.141,9.809],[78.139,9.8],[78.146,9.794],[78.144,9.783],[78.139,9.78],[78.137,9.762],[78.126,9.771],[78.112,9.779],[78.107,9.786],[78.099,9.779],[78.088,9.776],[78.104,9.768],[78.101,9.755],[78.084,9.758],[78.078,9.749],[78.067,9.753],[78.061,9.742],[78.073,9.732],[78.068,9.723],[78.08,9.708],[78.076,9.697],[78.083,9.693],[78.087,9.68],[78.08,9.675],[78.082,9.663],[78.076,9.66],[78.059,9.662],[78.058,9.674],[78.041,9.679],[78.031,9.66],[78.017,9.647],[78.015,9.639],[78.005,9.642],[77.991,9.642],[77.988,9.636],[77.975,9.63],[77.966,9.634],[77.965,9.644],[77.954,9.649],[77.923,9.648],[77.922,9.638],[77.911,9.638],[77.897,9.628],[77.891,9.642],[77.855,9.648],[77.846,9.651],[77.842,9.635],[77.829,9.636],[77.815,9.641],[77.809,9.64],[77.795,9.649],[77.791,9.639],[77.776,9.64],[77.768,9.65],[77.768,9.661],[77.763,9.679],[77.759,9.682],[77.734,9.692],[77.726,9.693],[77.715,9.7],[77.708,9.691],[77.699,9.692],[77.668,9.677],[77.651,9.683],[77.65,9.695],[77.644,9.705],[77.631,9.704],[77.606,9.695],[77.59,9.679],[77.586,9.667],[77.58,9.667],[77.563,9.66],[77.552,9.646],[77.543,9.645],[77.547,9.659],[77.537,9.66],[77.528,9.65],[77.52,9.638],[77.517,9.627],[77.517,9.617],[77.505,9.599],[77.5,9.596],[77.498,9.575],[77.491,9.573],[77.475,9.563],[77.474,9.572],[77.464,9.579],[77.475,9.597],[77.485,9.607],[77.486,9.614],[77.494,9.621],[77.506,9.638],[77.504,9.65],[77.512,9.653],[77.535,9.675],[77.541,9.695],[77.554,9.715],[77.564,9.745],[77.581,9.76],[77.601,9.781],[77.603,9.791],[77.612,9.799],[77.624,9.824],[77.624,9.831],[77.617,9.842],[77.618,9.858],[77.632,9.871],[77.646,9.89],[77.646,9.902],[77.653,9.91],[77.654,9.919],[77.669,9.914],[77.679,9.933],[77.673,9.962],[77.682,9.969],[77.692,9.968],[77.697,9.983],[77.697,10.001],[77.7,10.014],[77.709,10.018],[77.713,10.026]]]}},{"type":"Feature","properties":{"key":"mayiladuthurai","name":"Mayiladuthurai"},"geometry":{"type":"Polygon","coordinates":[[[79.527,11.184],[79.562,11.208],[79.596,11.217],[79.609,11.229],[79.611,11.248],[79.616,11.256],[79.623,11.255],[79.634,11.246],[79.644,11.248],[79.648,11.252],[79.649,11.262],[79.645,11.27],[79.643,11.285],[79.65,11.299],[79.661,11.305],[79.676,11.308],[79.691,11.317],[79.712,11.337],[79.725,11.346],[79.735,11.35],[79.759,11.353],[79.757,11.373],[79.764,11.382],[79.774,11.381],[79.781,11.375],[79.792,11.372],[79.803,11.381],[79.807,11.401],[79.813,11.423],[79.818,11.394],[79.823,11.379],[79.832,11.356],[79.843,11.35],[79.837,11.336],[79.834,11.322],[79.835,11.306],[79.84,11.272],[79.848,11.236],[79.853,11.205],[79.856,11.176],[79.858,11.129],[79.858,11.099],[79.856,11.043],[79.857,11.025],[79.851,10.994],[79.839,10.996],[79.84,11.002],[79.829,11.002],[79.819,10.999],[79.805,10.998],[79.803,10.988],[79.794,10.983],[79.779,10.997],[79.761,10.999],[79.755,11.004],[79.748,10.996],[79.732,10.995],[79.723,10.998],[79.716,11.009],[79.711,11.006],[79.7,11.015],[79.686,11.017],[79.663,11.016],[79.647,11.012],[79.64,11.007],[79.635,10.997],[79.635,10.989],[79.625,10.983],[79.605,10.982],[79.599,10.973],[79.591,10.983],[79.58,10.983],[79.575,10.978],[79.557,10.975],[79.545,10.966],[79.538,10.969],[79.516,10.97],[79.512,10.988],[79.524,10.989],[79.523,10.997],[79.546,11],[79.531,11.011],[79.53,11.027],[79.513,11.028],[79.511,11.042],[79.522,11.053],[79.53,11.056],[79.537,11.07],[79.553,11.078],[79.553,11.083],[79.543,11.09],[79.547,11.105],[79.541,11.111],[79.55,11.115],[79.549,11.127],[79.559,11.132],[79.571,11.144],[79.566,11.155],[79.558,11.154],[79.557,11.163],[79.542,11.161],[79.538,11.176],[79.527,11.184]]]}},{"type":"Feature","properties":{"key":"nagapattinam","name":"Nagapattinam"},"geometry":{"type":"Polygon","coordinates":[[[79.709,10.281],[79.718,10.282],[79.72,10.289],[79.705,10.293],[79.676,10.318],[79.662,10.328],[79.64,10.341],[79.638,10.362],[79.637,10.379],[79.627,10.396],[79.631,10.412],[79.632,10.446],[79.659,10.446],[79.66,10.441],[79.674,10.448],[79.69,10.45],[79.689,10.455],[79.677,10.481],[79.699,10.483],[79.699,10.489],[79.69,10.503],[79.7,10.506],[79.715,10.526],[79.727,10.536],[79.715,10.542],[79.71,10.553],[79.697,10.549],[79.688,10.555],[79.678,10.556],[79.676,10.562],[79.66,10.559],[79.669,10.576],[79.68,10.573],[79.687,10.584],[79.67,10.587],[79.667,10.603],[79.659,10.604],[79.656,10.613],[79.666,10.617],[79.674,10.624],[79.657,10.641],[79.65,10.644],[79.654,10.657],[79.667,10.65],[79.671,10.669],[79.678,10.68],[79.676,10.689],[79.66,10.702],[79.652,10.702],[79.655,10.713],[79.676,10.712],[79.687,10.716],[79.684,10.733],[79.698,10.745],[79.695,10.763],[79.7,10.767],[79.704,10.783],[79.73,10.798],[79.732,10.81],[79.728,10.812],[79.728,10.828],[79.686,10.83],[79.687,10.816],[79.677,10.819],[79.659,10.817],[79.656,10.806],[79.641,10.816],[79.631,10.815],[79.631,10.823],[79.641,10.826],[79.653,10.825],[79.648,10.835],[79.655,10.838],[79.651,10.856],[79.654,10.874],[79.653,10.886],[79.656,10.893],[79.668,10.901],[79.669,10.914],[79.679,10.915],[79.681,10.928],[79.689,10.927],[79.691,10.92],[79.708,10.919],[79.714,10.914],[79.716,10.931],[79.725,10.93],[79.736,10.925],[79.743,10.925],[79.745,10.916],[79.758,10.909],[79.758,10.893],[79.765,10.896],[79.777,10.897],[79.777,10.905],[79.789,10.908],[79.792,10.898],[79.79,10.89],[79.8,10.887],[79.812,10.888],[79.824,10.884],[79.822,10.874],[79.825,10.865],[79.818,10.863],[79.808,10.856],[79.821,10.846],[79.828,10.85],[79.831,10.827],[79.852,10.828],[79.851,10.821],[79.85,10.772],[79.852,10.731],[79.854,10.602],[79.859,10.552],[79.858,10.547],[79.867,10.417],[79.865,10.401],[79.868,10.38],[79.874,10.346],[79.882,10.322],[79.88,10.305],[79.876,10.295],[79.868,10.287],[79.858,10.282],[79.825,10.277],[79.819,10.279],[79.808,10.274],[79.782,10.272],[79.787,10.282],[79.786,10.29],[79.767,10.302],[79.76,10.309],[79.749,10.314],[79.749,10.301],[79.756,10.294],[79.778,10.284],[79.777,10.272],[79.766,10.272],[79.731,10.276],[79.709,10.281]]]}},{"type":"Feature","properties":{"key":"namakkal","name":"Namakkal"},"geometry":{"type":"Polygon","coordinates":[[[77.933,11.07],[77.916,11.073],[77.905,11.073],[77.895,11.077],[77.888,11.087],[77.888,11.1],[77.882,11.125],[77.884,11.156],[77.879,11.164],[77.867,11.174],[77.862,11.189],[77.864,11.202],[77.87,11.212],[77.87,11.22],[77.866,11.24],[77.858,11.25],[77.839,11.261],[77.826,11.261],[77.809,11.267],[77.79,11.294],[77.784,11.3],[77.776,11.317],[77.769,11.326],[77.758,11.333],[77.752,11.352],[77.743,11.364],[77.717,11.378],[77.711,11.388],[77.703,11.396],[77.693,11.411],[77.687,11.415],[77.683,11.423],[77.686,11.442],[77.697,11.464],[77.706,11.461],[77.709,11.449],[77.719,11.453],[77.732,11.445],[77.744,11.446],[77.754,11.452],[77.761,11.451],[77.767,11.48],[77.773,11.483],[77.785,11.478],[77.789,11.468],[77.784,11.451],[77.796,11.447],[77.804,11.448],[77.805,11.458],[77.814,11.458],[77.816,11.467],[77.823,11.471],[77.831,11.469],[77.834,11.457],[77.821,11.449],[77.822,11.445],[77.833,11.439],[77.838,11.441],[77.849,11.434],[77.847,11.428],[77.852,11.415],[77.864,11.418],[77.874,11.416],[77.88,11.423],[77.89,11.424],[77.899,11.42],[77.908,11.426],[77.912,11.434],[77.913,11.454],[77.919,11.452],[77.931,11.46],[77.941,11.46],[77.947,11.467],[77.967,11.47],[77.974,11.476],[77.973,11.485],[77.977,11.501],[77.972,11.509],[77.978,11.531],[77.987,11.527],[78.008,11.525],[78.017,11.53],[78.034,11.528],[78.034,11.524],[78.044,11.515],[78.054,11.514],[78.055,11.522],[78.075,11.522],[78.075,11.532],[78.079,11.547],[78.097,11.548],[78.105,11.557],[78.119,11.539],[78.139,11.543],[78.148,11.539],[78.161,11.539],[78.165,11.548],[78.201,11.553],[78.204,11.563],[78.21,11.565],[78.24,11.557],[78.244,11.553],[78.264,11.559],[78.264,11.567],[78.272,11.579],[78.284,11.581],[78.303,11.589],[78.312,11.588],[78.319,11.578],[78.307,11.571],[78.31,11.564],[78.317,11.564],[78.324,11.555],[78.323,11.543],[78.33,11.532],[78.356,11.559],[78.366,11.578],[78.383,11.575],[78.386,11.586],[78.392,11.585],[78.418,11.59],[78.439,11.598],[78.452,11.597],[78.449,11.569],[78.461,11.561],[78.456,11.544],[78.463,11.539],[78.462,11.529],[78.471,11.528],[78.473,11.52],[78.465,11.505],[78.465,11.497],[78.455,11.499],[78.434,11.499],[78.436,11.487],[78.432,11.476],[78.426,11.471],[78.436,11.464],[78.443,11.454],[78.449,11.431],[78.443,11.409],[78.447,11.4],[78.472,11.408],[78.486,11.407],[78.479,11.388],[78.47,11.386],[78.465,11.377],[78.455,11.349],[78.447,11.345],[78.447,11.332],[78.461,11.324],[78.465,11.312],[78.457,11.306],[78.45,11.292],[78.447,11.275],[78.439,11.269],[78.44,11.259],[78.435,11.255],[78.425,11.226],[78.42,11.221],[78.422,11.212],[78.415,11.209],[78.411,11.197],[78.4,11.195],[78.392,11.19],[78.381,11.187],[78.387,11.177],[78.379,11.17],[78.382,11.142],[78.377,11.135],[78.364,11.138],[78.35,11.137],[78.346,11.134],[78.348,11.123],[78.343,11.112],[78.337,11.105],[78.327,11.104],[78.324,11.097],[78.338,11.095],[78.342,11.083],[78.35,11.075],[78.351,11.069],[78.363,11.065],[78.36,11.047],[78.35,11.048],[78.349,11.033],[78.345,11.026],[78.33,11.03],[78.324,11.058],[78.295,11.072],[78.291,11.077],[78.272,11.078],[78.266,11.07],[78.255,11.081],[78.249,11.092],[78.23,11.095],[78.229,11.085],[78.235,11.079],[78.235,11.064],[78.221,11.058],[78.219,11.067],[78.204,11.071],[78.192,11.065],[78.183,11.07],[78.163,11.049],[78.168,11.044],[78.182,11.042],[78.194,11.045],[78.197,11.03],[78.195,11.022],[78.182,11.02],[78.173,11.013],[78.165,11.013],[78.16,11.022],[78.145,11.037],[78.135,11.042],[78.119,11.061],[78.102,11.075],[78.071,11.079],[78.055,11.074],[78.046,11.081],[78.027,11.091],[78.011,11.095],[77.991,11.096],[77.981,11.09],[77.964,11.075],[77.946,11.065],[77.933,11.07]]]}},{"type":"Feature","properties":{"key":"nilgiris","name":"The Nilgiris"},"geometry":{"type":"Polygon","coordinates":[[[76.957,11.381],[76.948,11.376],[76.933,11.376],[76.937,11.359],[76.915,11.356],[76.906,11.35],[76.899,11.363],[76.893,11.366],[76.884,11.352],[76.862,11.351],[76.859,11.343],[76.85,11.343],[76.848,11.335],[76.855,11.318],[76.859,11.313],[76.854,11.296],[76.843,11.287],[76.824,11.293],[76.818,11.29],[76.805,11.298],[76.798,11.295],[76.796,11.288],[76.787,11.279],[76.78,11.286],[76.769,11.29],[76.765,11.284],[76.77,11.277],[76.764,11.26],[76.756,11.255],[76.753,11.248],[76.743,11.253],[76.737,11.245],[76.71,11.261],[76.7,11.259],[76.701,11.246],[76.707,11.238],[76.698,11.24],[76.684,11.234],[76.685,11.228],[76.678,11.221],[76.653,11.21],[76.63,11.194],[76.601,11.207],[76.534,11.197],[76.516,11.204],[76.51,11.212],[76.483,11.211],[76.472,11.209],[76.473,11.195],[76.458,11.188],[76.449,11.205],[76.453,11.239],[76.466,11.245],[76.487,11.258],[76.522,11.271],[76.526,11.288],[76.546,11.3],[76.539,11.305],[76.537,11.314],[76.55,11.331],[76.547,11.345],[76.548,11.359],[76.508,11.354],[76.515,11.36],[76.518,11.372],[76.462,11.387],[76.415,11.423],[76.419,11.442],[76.398,11.435],[76.371,11.455],[76.346,11.464],[76.342,11.468],[76.325,11.453],[76.305,11.468],[76.294,11.466],[76.294,11.473],[76.284,11.483],[76.27,11.477],[76.264,11.481],[76.248,11.469],[76.25,11.498],[76.248,11.516],[76.238,11.525],[76.25,11.528],[76.25,11.537],[76.245,11.543],[76.244,11.554],[76.239,11.559],[76.234,11.571],[76.249,11.58],[76.256,11.587],[76.274,11.594],[76.279,11.601],[76.286,11.59],[76.296,11.59],[76.302,11.571],[76.311,11.577],[76.316,11.577],[76.322,11.587],[76.336,11.596],[76.34,11.587],[76.355,11.589],[76.367,11.598],[76.378,11.602],[76.384,11.612],[76.383,11.624],[76.388,11.63],[76.407,11.634],[76.426,11.634],[76.435,11.636],[76.443,11.644],[76.436,11.653],[76.431,11.666],[76.444,11.664],[76.457,11.664],[76.475,11.682],[76.512,11.705],[76.539,11.689],[76.551,11.672],[76.549,11.665],[76.555,11.652],[76.553,11.648],[76.561,11.633],[76.56,11.625],[76.57,11.618],[76.583,11.614],[76.59,11.618],[76.598,11.611],[76.611,11.611],[76.614,11.608],[76.629,11.614],[76.65,11.613],[76.671,11.616],[76.685,11.614],[76.703,11.616],[76.749,11.614],[76.757,11.618],[76.775,11.612],[76.792,11.613],[76.796,11.609],[76.809,11.608],[76.818,11.605],[76.823,11.608],[76.84,11.597],[76.847,11.594],[76.846,11.586],[76.838,11.582],[76.835,11.575],[76.839,11.567],[76.863,11.544],[76.867,11.533],[76.866,11.52],[76.894,11.527],[76.907,11.528],[76.914,11.524],[76.938,11.527],[76.941,11.516],[76.934,11.507],[76.937,11.496],[76.935,11.482],[76.956,11.479],[76.967,11.47],[76.972,11.468],[76.991,11.481],[77,11.474],[77.012,11.452],[77.011,11.441],[77.007,11.434],[76.998,11.441],[76.983,11.44],[76.977,11.418],[76.977,11.407],[76.981,11.401],[76.968,11.392],[76.957,11.381]]]}},{"type":"Feature","properties":{"key":"perambalur","name":"Perambalur"},"geometry":{"type":"Polygon","coordinates":[[[79.168,11.378],[79.164,11.37],[79.153,11.367],[79.151,11.358],[79.159,11.349],[79.157,11.338],[79.141,11.332],[79.131,11.332],[79.125,11.311],[79.141,11.309],[79.143,11.302],[79.137,11.293],[79.13,11.298],[79.114,11.294],[79.11,11.283],[79.109,11.27],[79.115,11.27],[79.122,11.264],[79.122,11.249],[79.109,11.244],[79.111,11.231],[79.099,11.231],[79.095,11.217],[79.093,11.2],[79.085,11.205],[79.066,11.204],[79.067,11.189],[79.076,11.189],[79.078,11.18],[79.069,11.177],[79.073,11.17],[79.071,11.154],[79.061,11.153],[79.061,11.141],[79.055,11.13],[79.065,11.127],[79.069,11.11],[79.054,11.085],[79.044,11.086],[79.032,11.083],[79.024,11.068],[79.006,11.059],[79.002,11.061],[78.998,11.076],[78.985,11.079],[78.984,11.089],[78.974,11.094],[78.939,11.095],[78.927,11.09],[78.917,11.096],[78.896,11.1],[78.88,11.099],[78.873,11.097],[78.871,11.085],[78.862,11.09],[78.848,11.089],[78.84,11.076],[78.807,11.079],[78.806,11.09],[78.811,11.112],[78.779,11.115],[78.761,11.12],[78.749,11.116],[78.735,11.106],[78.738,11.089],[78.745,11.083],[78.743,11.075],[78.72,11.074],[78.718,11.056],[78.701,11.069],[78.7,11.084],[78.695,11.094],[78.694,11.104],[78.687,11.114],[78.688,11.126],[78.681,11.13],[78.681,11.145],[78.674,11.165],[78.659,11.163],[78.651,11.168],[78.662,11.174],[78.673,11.186],[78.675,11.194],[78.685,11.196],[78.699,11.191],[78.713,11.214],[78.709,11.228],[78.713,11.24],[78.71,11.249],[78.717,11.258],[78.726,11.261],[78.729,11.272],[78.738,11.274],[78.751,11.285],[78.739,11.294],[78.736,11.31],[78.738,11.317],[78.733,11.323],[78.706,11.325],[78.687,11.324],[78.675,11.327],[78.666,11.317],[78.661,11.322],[78.661,11.331],[78.656,11.334],[78.64,11.329],[78.641,11.337],[78.657,11.347],[78.66,11.358],[78.672,11.36],[78.674,11.368],[78.689,11.382],[78.663,11.374],[78.659,11.38],[78.657,11.401],[78.651,11.407],[78.651,11.422],[78.676,11.428],[78.688,11.435],[78.689,11.443],[78.7,11.456],[78.708,11.457],[78.741,11.45],[78.743,11.443],[78.756,11.437],[78.76,11.428],[78.773,11.415],[78.773,11.408],[78.789,11.387],[78.799,11.385],[78.801,11.402],[78.806,11.401],[78.813,11.417],[78.822,11.426],[78.819,11.44],[78.79,11.454],[78.796,11.461],[78.798,11.482],[78.81,11.482],[78.809,11.49],[78.812,11.499],[78.81,11.508],[78.822,11.51],[78.834,11.507],[78.835,11.515],[78.843,11.523],[78.857,11.523],[78.871,11.518],[78.878,11.508],[78.884,11.498],[78.909,11.475],[78.912,11.465],[78.929,11.443],[78.942,11.432],[78.949,11.418],[78.962,11.405],[78.986,11.403],[78.997,11.408],[79.006,11.4],[79.018,11.395],[79.032,11.394],[79.049,11.402],[79.056,11.403],[79.088,11.397],[79.106,11.402],[79.128,11.394],[79.147,11.383],[79.161,11.382],[79.168,11.378]]]}},{"type":"Feature","properties":{"key":"pudukkottai","name":"Pudukkottai"},"geometry":{"type":"MultiPolygon","coordinates":[[[[79.107,9.851],[79.098,9.856],[79.088,9.857],[79.082,9.853],[79.067,9.851],[79.057,9.859],[79.047,9.858],[79.041,9.865],[79.035,9.886],[79.022,9.903],[79.016,9.903],[78.998,9.931],[78.991,9.944],[78.988,9.95],[79.003,9.956],[79.002,9.964],[78.997,9.967],[79.003,9.979],[79.014,9.981],[78.998,9.995],[78.988,9.995],[78.981,9.99],[78.972,9.992],[78.975,10],[78.965,10.007],[78.952,10.008],[78.93,10.022],[78.931,10.039],[78.926,10.043],[78.934,10.053],[78.944,10.056],[78.936,10.073],[78.946,10.079],[78.95,10.09],[78.96,10.095],[78.972,10.082],[78.977,10.081],[78.987,10.089],[78.977,10.102],[78.977,10.11],[78.968,10.127],[78.964,10.119],[78.95,10.109],[78.941,10.114],[78.913,10.128],[78.91,10.133],[78.914,10.145],[78.902,10.152],[78.897,10.147],[78.882,10.155],[78.871,10.137],[78.865,10.136],[78.862,10.126],[78.848,10.126],[78.848,10.137],[78.837,10.14],[78.83,10.155],[78.819,10.159],[78.816,10.17],[78.823,10.198],[78.81,10.213],[78.794,10.206],[78.788,10.207],[78.77,10.199],[78.765,10.193],[78.765,10.174],[78.767,10.163],[78.753,10.165],[78.738,10.162],[78.727,10.162],[78.727,10.17],[78.709,10.176],[78.686,10.146],[78.668,10.154],[78.67,10.176],[78.664,10.181],[78.673,10.205],[78.666,10.212],[78.659,10.214],[78.647,10.226],[78.651,10.237],[78.648,10.245],[78.652,10.253],[78.636,10.269],[78.625,10.269],[78.592,10.279],[78.578,10.287],[78.572,10.28],[78.577,10.266],[78.571,10.257],[78.563,10.253],[78.549,10.252],[78.534,10.254],[78.53,10.25],[78.528,10.239],[78.519,10.237],[78.516,10.227],[78.514,10.198],[78.516,10.19],[78.498,10.189],[78.485,10.192],[78.473,10.208],[78.478,10.223],[78.488,10.234],[78.475,10.245],[78.458,10.241],[78.45,10.249],[78.453,10.267],[78.471,10.27],[78.487,10.264],[78.507,10.264],[78.517,10.28],[78.513,10.289],[78.519,10.3],[78.515,10.309],[78.52,10.314],[78.521,10.326],[78.509,10.347],[78.498,10.352],[78.498,10.364],[78.506,10.376],[78.525,10.378],[78.531,10.397],[78.527,10.403],[78.517,10.408],[78.517,10.418],[78.523,10.437],[78.55,10.433],[78.553,10.427],[78.561,10.432],[78.571,10.446],[78.583,10.446],[78.589,10.474],[78.585,10.481],[78.571,10.489],[78.579,10.507],[78.581,10.517],[78.569,10.52],[78.565,10.512],[78.55,10.514],[78.544,10.53],[78.533,10.522],[78.533,10.514],[78.539,10.513],[78.54,10.503],[78.527,10.486],[78.519,10.483],[78.496,10.485],[78.498,10.507],[78.493,10.51],[78.488,10.523],[78.491,10.527],[78.486,10.539],[78.469,10.541],[78.463,10.562],[78.466,10.578],[78.459,10.581],[78.46,10.59],[78.448,10.609],[78.46,10.611],[78.467,10.619],[78.469,10.628],[78.478,10.631],[78.482,10.638],[78.492,10.635],[78.507,10.636],[78.527,10.629],[78.529,10.645],[78.52,10.652],[78.517,10.665],[78.523,10.674],[78.542,10.677],[78.551,10.686],[78.568,10.681],[78.565,10.671],[78.566,10.661],[78.575,10.66],[78.579,10.664],[78.593,10.659],[78.609,10.681],[78.616,10.682],[78.622,10.69],[78.627,10.704],[78.641,10.708],[78.647,10.704],[78.658,10.705],[78.656,10.688],[78.651,10.681],[78.656,10.676],[78.652,10.659],[78.659,10.654],[78.667,10.658],[78.667,10.672],[78.683,10.671],[78.682,10.687],[78.693,10.691],[78.698,10.702],[78.693,10.708],[78.689,10.735],[78.709,10.733],[78.71,10.722],[78.719,10.717],[78.736,10.715],[78.743,10.707],[78.746,10.698],[78.747,10.687],[78.738,10.683],[78.736,10.672],[78.743,10.655],[78.744,10.643],[78.758,10.644],[78.759,10.653],[78.765,10.655],[78.774,10.651],[78.791,10.65],[78.798,10.667],[78.804,10.676],[78.812,10.68],[78.82,10.695],[78.831,10.695],[78.859,10.692],[78.872,10.688],[78.873,10.706],[78.882,10.695],[78.893,10.694],[78.894,10.685],[78.906,10.681],[78.908,10.672],[78.919,10.671],[78.933,10.684],[78.938,10.675],[78.946,10.669],[78.955,10.668],[78.964,10.652],[78.971,10.662],[78.97,10.675],[78.987,10.679],[78.983,10.697],[78.991,10.706],[78.994,10.722],[79.001,10.723],[79.01,10.719],[79.011,10.708],[79.027,10.706],[79.021,10.699],[79.021,10.688],[79.029,10.681],[79.054,10.68],[79.066,10.67],[79.066,10.649],[79.07,10.641],[79.08,10.636],[79.101,10.63],[79.104,10.615],[79.119,10.635],[79.13,10.634],[79.134,10.621],[79.144,10.606],[79.141,10.588],[79.155,10.589],[79.169,10.585],[79.177,10.586],[79.179,10.571],[79.191,10.578],[79.189,10.565],[79.183,10.556],[79.185,10.538],[79.178,10.538],[79.168,10.53],[79.158,10.534],[79.149,10.528],[79.149,10.519],[79.14,10.512],[79.141,10.501],[79.132,10.498],[79.129,10.492],[79.135,10.487],[79.147,10.486],[79.152,10.476],[79.159,10.474],[79.168,10.478],[79.177,10.478],[79.183,10.47],[79.194,10.468],[79.191,10.46],[79.173,10.459],[79.172,10.453],[79.159,10.447],[79.145,10.45],[79.129,10.434],[79.132,10.424],[79.147,10.411],[79.153,10.401],[79.145,10.389],[79.145,10.377],[79.149,10.373],[79.152,10.35],[79.147,10.35],[79.139,10.342],[79.12,10.337],[79.119,10.328],[79.131,10.325],[79.135,10.32],[79.133,10.309],[79.119,10.289],[79.128,10.282],[79.133,10.265],[79.129,10.254],[79.118,10.253],[79.116,10.234],[79.134,10.231],[79.144,10.236],[79.15,10.216],[79.163,10.218],[79.174,10.214],[79.181,10.216],[79.189,10.201],[79.183,10.193],[79.174,10.203],[79.161,10.195],[79.153,10.197],[79.15,10.185],[79.16,10.185],[79.157,10.169],[79.151,10.16],[79.16,10.157],[79.167,10.161],[79.179,10.158],[79.191,10.162],[79.203,10.158],[79.209,10.145],[79.207,10.137],[79.226,10.137],[79.231,10.121],[79.226,10.101],[79.229,10.089],[79.238,10.071],[79.248,10.071],[79.244,10.058],[79.25,10.05],[79.266,10.039],[79.244,10.027],[79.219,10],[79.202,9.98],[79.198,9.973],[79.175,9.951],[79.153,9.928],[79.145,9.909],[79.13,9.896],[79.117,9.872],[79.117,9.862],[79.123,9.86],[79.115,9.849],[79.107,9.851]]],[[[78.569,10.709],[78.575,10.709],[78.58,10.7],[78.575,10.685],[78.57,10.685],[78.558,10.703],[78.569,10.709]]]]}},{"type":"Feature","properties":{"key":"ramanathapuram","name":"Ramanathapuram"},"geometry":{"type":"MultiPolygon","coordinates":[[[[79.107,9.851],[79.109,9.842],[79.103,9.839],[79.083,9.816],[79.079,9.801],[79.071,9.794],[79.061,9.781],[79.059,9.773],[79.041,9.766],[79.037,9.763],[79.008,9.725],[78.994,9.709],[78.989,9.699],[78.98,9.69],[78.975,9.678],[78.971,9.656],[78.96,9.631],[78.935,9.608],[78.925,9.585],[78.925,9.579],[78.92,9.559],[78.918,9.538],[78.92,9.525],[78.913,9.506],[78.915,9.499],[78.902,9.496],[78.898,9.482],[78.9,9.469],[78.912,9.446],[78.924,9.426],[78.944,9.399],[78.975,9.368],[78.98,9.361],[79.013,9.333],[79.037,9.315],[79.071,9.295],[79.088,9.295],[79.103,9.291],[79.122,9.291],[79.132,9.288],[79.143,9.291],[79.158,9.285],[79.183,9.283],[79.21,9.283],[79.22,9.291],[79.242,9.293],[79.253,9.291],[79.271,9.295],[79.278,9.31],[79.291,9.32],[79.313,9.328],[79.327,9.321],[79.335,9.309],[79.315,9.279],[79.327,9.259],[79.335,9.252],[79.361,9.231],[79.374,9.218],[79.388,9.209],[79.423,9.179],[79.424,9.172],[79.404,9.185],[79.373,9.204],[79.334,9.229],[79.311,9.241],[79.291,9.25],[79.257,9.259],[79.243,9.26],[79.221,9.26],[79.218,9.271],[79.206,9.275],[79.209,9.282],[79.189,9.282],[79.143,9.276],[79.111,9.266],[79.09,9.262],[79.069,9.261],[79.052,9.263],[79.016,9.271],[78.983,9.275],[78.959,9.274],[78.924,9.267],[78.916,9.259],[78.896,9.252],[78.875,9.257],[78.85,9.252],[78.823,9.239],[78.806,9.237],[78.794,9.23],[78.764,9.221],[78.755,9.216],[78.733,9.212],[78.719,9.204],[78.715,9.189],[78.691,9.195],[78.678,9.196],[78.661,9.193],[78.648,9.185],[78.642,9.172],[78.65,9.16],[78.602,9.147],[78.588,9.139],[78.579,9.131],[78.551,9.138],[78.531,9.138],[78.503,9.134],[78.488,9.129],[78.468,9.128],[78.454,9.125],[78.415,9.115],[78.403,9.108],[78.385,9.095],[78.365,9.103],[78.357,9.099],[78.356,9.118],[78.35,9.118],[78.332,9.126],[78.321,9.129],[78.315,9.133],[78.288,9.136],[78.274,9.141],[78.275,9.149],[78.291,9.179],[78.296,9.205],[78.288,9.206],[78.269,9.202],[78.271,9.219],[78.273,9.257],[78.281,9.284],[78.305,9.281],[78.316,9.282],[78.323,9.277],[78.336,9.282],[78.341,9.293],[78.347,9.298],[78.346,9.309],[78.353,9.309],[78.365,9.339],[78.363,9.349],[78.353,9.353],[78.337,9.354],[78.329,9.346],[78.324,9.334],[78.311,9.335],[78.305,9.324],[78.294,9.332],[78.295,9.343],[78.31,9.345],[78.307,9.352],[78.308,9.365],[78.303,9.384],[78.296,9.389],[78.284,9.39],[78.274,9.384],[78.263,9.387],[78.26,9.376],[78.255,9.374],[78.243,9.381],[78.243,9.407],[78.223,9.41],[78.221,9.43],[78.215,9.433],[78.219,9.447],[78.228,9.445],[78.272,9.449],[78.301,9.442],[78.305,9.449],[78.298,9.455],[78.299,9.461],[78.309,9.46],[78.311,9.468],[78.33,9.463],[78.331,9.481],[78.327,9.484],[78.328,9.495],[78.34,9.496],[78.347,9.511],[78.365,9.512],[78.376,9.508],[78.382,9.516],[78.387,9.536],[78.376,9.54],[78.377,9.553],[78.373,9.573],[78.382,9.58],[78.394,9.581],[78.403,9.591],[78.412,9.588],[78.418,9.6],[78.426,9.6],[78.429,9.609],[78.439,9.609],[78.44,9.615],[78.454,9.616],[78.458,9.622],[78.462,9.636],[78.472,9.627],[78.477,9.613],[78.486,9.609],[78.503,9.611],[78.499,9.598],[78.507,9.593],[78.52,9.579],[78.531,9.576],[78.558,9.575],[78.571,9.567],[78.576,9.576],[78.59,9.571],[78.598,9.561],[78.611,9.557],[78.617,9.549],[78.615,9.538],[78.625,9.534],[78.634,9.527],[78.643,9.527],[78.656,9.52],[78.662,9.536],[78.654,9.543],[78.668,9.551],[78.684,9.563],[78.686,9.57],[78.694,9.577],[78.679,9.594],[78.681,9.602],[78.689,9.601],[78.706,9.594],[78.727,9.589],[78.75,9.589],[78.754,9.593],[78.764,9.593],[78.772,9.588],[78.794,9.597],[78.821,9.6],[78.827,9.617],[78.819,9.624],[78.807,9.626],[78.803,9.621],[78.795,9.626],[78.795,9.644],[78.786,9.652],[78.794,9.665],[78.794,9.674],[78.799,9.696],[78.796,9.703],[78.782,9.713],[78.78,9.718],[78.752,9.716],[78.745,9.708],[78.741,9.746],[78.733,9.749],[78.734,9.759],[78.744,9.76],[78.745,9.782],[78.752,9.78],[78.774,9.787],[78.782,9.795],[78.785,9.785],[78.782,9.765],[78.792,9.776],[78.798,9.787],[78.81,9.787],[78.817,9.78],[78.828,9.793],[78.831,9.782],[78.822,9.761],[78.806,9.76],[78.806,9.75],[78.809,9.739],[78.815,9.732],[78.826,9.734],[78.817,9.744],[78.824,9.75],[78.834,9.75],[78.845,9.743],[78.854,9.755],[78.85,9.761],[78.858,9.765],[78.883,9.747],[78.893,9.762],[78.893,9.773],[78.887,9.787],[78.874,9.785],[78.866,9.789],[78.868,9.806],[78.864,9.814],[78.874,9.825],[78.866,9.834],[78.872,9.845],[78.869,9.853],[78.883,9.88],[78.891,9.879],[78.901,9.895],[78.894,9.907],[78.894,9.913],[78.904,9.919],[78.91,9.917],[78.917,9.927],[78.93,9.926],[78.944,9.917],[78.963,9.924],[78.967,9.943],[78.975,9.941],[78.991,9.944],[78.998,9.931],[79.016,9.903],[79.022,9.903],[79.035,9.886],[79.041,9.865],[79.047,9.858],[79.057,9.859],[79.067,9.851],[79.082,9.853],[79.088,9.857],[79.098,9.856],[79.107,9.851]]],[[[79.076,9.202],[79.066,9.201],[79.067,9.21],[79.076,9.202]]],[[[79.2,9.251],[79.213,9.247],[79.204,9.24],[79.2,9.23],[79.19,9.231],[79.18,9.237],[79.179,9.249],[79.195,9.253],[79.2,9.251]]]]}},{"type":"Feature","properties":{"key":"ranipet","name":"Ranipet"},"geometry":{"type":"Polygon","coordinates":[[[79.79,13.025],[79.781,13.023],[79.748,13.003],[79.745,12.996],[79.734,12.987],[79.72,12.981],[79.699,12.975],[79.683,12.962],[79.665,12.952],[79.659,12.951],[79.662,12.93],[79.641,12.923],[79.638,12.924],[79.62,12.913],[79.578,12.9],[79.568,12.9],[79.564,12.886],[79.557,12.885],[79.559,12.872],[79.564,12.869],[79.567,12.859],[79.56,12.854],[79.539,12.863],[79.512,12.857],[79.503,12.869],[79.473,12.874],[79.473,12.851],[79.462,12.849],[79.457,12.844],[79.461,12.829],[79.457,12.81],[79.477,12.807],[79.476,12.8],[79.462,12.799],[79.46,12.783],[79.469,12.771],[79.466,12.763],[79.456,12.75],[79.453,12.74],[79.467,12.732],[79.475,12.731],[79.466,12.718],[79.465,12.7],[79.455,12.699],[79.459,12.69],[79.451,12.671],[79.434,12.665],[79.427,12.658],[79.41,12.656],[79.405,12.646],[79.383,12.628],[79.369,12.632],[79.352,12.646],[79.362,12.652],[79.361,12.667],[79.356,12.672],[79.37,12.681],[79.383,12.683],[79.395,12.69],[79.38,12.708],[79.392,12.714],[79.393,12.723],[79.387,12.733],[79.38,12.733],[79.376,12.722],[79.356,12.719],[79.354,12.711],[79.358,12.697],[79.345,12.695],[79.339,12.701],[79.346,12.708],[79.343,12.732],[79.33,12.735],[79.328,12.74],[79.311,12.743],[79.296,12.747],[79.284,12.763],[79.288,12.775],[79.285,12.782],[79.272,12.791],[79.262,12.794],[79.259,12.814],[79.252,12.808],[79.24,12.809],[79.238,12.798],[79.224,12.791],[79.219,12.792],[79.209,12.785],[79.198,12.79],[79.191,12.81],[79.178,12.82],[79.182,12.835],[79.184,12.861],[79.194,12.875],[79.192,12.884],[79.211,12.895],[79.206,12.905],[79.191,12.908],[79.186,12.918],[79.188,12.926],[79.194,12.934],[79.21,12.939],[79.216,12.947],[79.217,12.955],[79.229,12.957],[79.252,12.952],[79.261,12.944],[79.269,12.957],[79.27,12.97],[79.267,12.985],[79.27,12.998],[79.279,13.011],[79.286,13.039],[79.292,13.043],[79.294,13.052],[79.283,13.071],[79.272,13.087],[79.293,13.101],[79.303,13.083],[79.325,13.078],[79.33,13.073],[79.335,13.061],[79.347,13.063],[79.379,13.075],[79.383,13.081],[79.404,13.081],[79.414,13.085],[79.419,13.095],[79.417,13.105],[79.407,13.1],[79.402,13.104],[79.405,13.115],[79.413,13.119],[79.412,13.138],[79.419,13.15],[79.434,13.136],[79.439,13.125],[79.432,13.118],[79.434,13.111],[79.444,13.114],[79.451,13.093],[79.463,13.097],[79.465,13.107],[79.475,13.108],[79.475,13.13],[79.483,13.131],[79.482,13.139],[79.506,13.137],[79.517,13.144],[79.533,13.136],[79.541,13.138],[79.569,13.137],[79.571,13.122],[79.594,13.122],[79.599,13.131],[79.596,13.14],[79.603,13.148],[79.61,13.145],[79.631,13.146],[79.637,13.15],[79.632,13.172],[79.645,13.179],[79.648,13.199],[79.661,13.21],[79.672,13.204],[79.672,13.188],[79.684,13.187],[79.692,13.192],[79.701,13.192],[79.701,13.181],[79.692,13.177],[79.695,13.159],[79.706,13.163],[79.737,13.167],[79.739,13.143],[79.736,13.128],[79.737,13.121],[79.731,13.115],[79.724,13.117],[79.722,13.108],[79.703,13.109],[79.701,13.099],[79.714,13.098],[79.723,13.099],[79.736,13.095],[79.736,13.087],[79.742,13.076],[79.738,13.066],[79.726,13.068],[79.724,13.06],[79.735,13.061],[79.746,13.056],[79.747,13.051],[79.763,13.052],[79.77,13.06],[79.779,13.061],[79.788,13.057],[79.791,13.047],[79.786,13.039],[79.79,13.025]]]}},{"type":"Feature","properties":{"key":"salem","name":"Salem"},"geometry":{"type":"Polygon","coordinates":[[[77.676,11.952],[77.69,11.942],[77.739,11.939],[77.74,11.932],[77.758,11.919],[77.763,11.91],[77.78,11.911],[77.796,11.909],[77.807,11.909],[77.836,11.901],[77.848,11.894],[77.851,11.906],[77.866,11.915],[77.872,11.912],[77.883,11.912],[77.895,11.907],[77.9,11.902],[77.917,11.898],[77.932,11.901],[77.947,11.895],[77.955,11.901],[77.97,11.896],[77.979,11.902],[77.998,11.91],[78.01,11.921],[78.027,11.921],[78.03,11.929],[78.039,11.936],[78.067,11.939],[78.073,11.938],[78.08,11.944],[78.096,11.953],[78.122,11.959],[78.129,11.964],[78.145,11.968],[78.169,11.968],[78.179,11.973],[78.19,11.973],[78.235,11.979],[78.253,11.951],[78.257,11.94],[78.272,11.936],[78.26,11.921],[78.264,11.918],[78.275,11.931],[78.281,11.932],[78.28,11.915],[78.272,11.903],[78.28,11.9],[78.293,11.907],[78.291,11.912],[78.302,11.923],[78.31,11.924],[78.32,11.932],[78.329,11.927],[78.331,11.919],[78.323,11.905],[78.328,11.894],[78.34,11.897],[78.354,11.912],[78.36,11.909],[78.355,11.892],[78.366,11.892],[78.368,11.881],[78.352,11.854],[78.351,11.834],[78.329,11.798],[78.316,11.785],[78.318,11.779],[78.328,11.776],[78.345,11.793],[78.351,11.793],[78.383,11.83],[78.387,11.846],[78.395,11.86],[78.4,11.863],[78.403,11.873],[78.414,11.88],[78.428,11.874],[78.435,11.874],[78.441,11.868],[78.433,11.862],[78.441,11.84],[78.455,11.826],[78.469,11.824],[78.478,11.818],[78.491,11.818],[78.499,11.814],[78.518,11.812],[78.522,11.815],[78.535,11.807],[78.547,11.807],[78.574,11.819],[78.596,11.823],[78.612,11.855],[78.627,11.869],[78.636,11.865],[78.655,11.865],[78.661,11.858],[78.678,11.858],[78.693,11.851],[78.694,11.834],[78.69,11.818],[78.692,11.804],[78.679,11.802],[78.665,11.796],[78.659,11.779],[78.643,11.768],[78.643,11.756],[78.639,11.741],[78.638,11.721],[78.653,11.716],[78.65,11.668],[78.66,11.662],[78.659,11.648],[78.68,11.644],[78.678,11.672],[78.682,11.682],[78.7,11.692],[78.71,11.69],[78.718,11.683],[78.725,11.689],[78.738,11.693],[78.754,11.694],[78.781,11.703],[78.791,11.693],[78.805,11.688],[78.805,11.666],[78.806,11.661],[78.787,11.649],[78.774,11.636],[78.786,11.637],[78.79,11.629],[78.786,11.613],[78.777,11.613],[78.777,11.605],[78.786,11.6],[78.794,11.599],[78.818,11.591],[78.828,11.577],[78.817,11.561],[78.816,11.542],[78.829,11.544],[78.835,11.54],[78.834,11.532],[78.843,11.523],[78.835,11.515],[78.834,11.507],[78.822,11.51],[78.81,11.508],[78.812,11.499],[78.809,11.49],[78.81,11.482],[78.798,11.482],[78.796,11.461],[78.79,11.454],[78.819,11.44],[78.822,11.426],[78.813,11.417],[78.806,11.401],[78.801,11.402],[78.799,11.385],[78.789,11.387],[78.773,11.408],[78.773,11.415],[78.76,11.428],[78.756,11.437],[78.743,11.443],[78.741,11.45],[78.708,11.457],[78.7,11.456],[78.689,11.443],[78.688,11.435],[78.676,11.428],[78.651,11.422],[78.651,11.407],[78.657,11.401],[78.659,11.38],[78.663,11.374],[78.656,11.366],[78.641,11.342],[78.622,11.336],[78.605,11.339],[78.593,11.327],[78.584,11.33],[78.58,11.319],[78.572,11.315],[78.553,11.32],[78.555,11.335],[78.552,11.346],[78.553,11.359],[78.542,11.369],[78.535,11.368],[78.523,11.371],[78.515,11.384],[78.506,11.383],[78.51,11.397],[78.496,11.409],[78.486,11.407],[78.472,11.408],[78.447,11.4],[78.443,11.409],[78.449,11.431],[78.443,11.454],[78.436,11.464],[78.426,11.471],[78.432,11.476],[78.436,11.487],[78.434,11.499],[78.455,11.499],[78.465,11.497],[78.465,11.505],[78.473,11.52],[78.471,11.528],[78.462,11.529],[78.463,11.539],[78.456,11.544],[78.461,11.561],[78.449,11.569],[78.452,11.597],[78.439,11.598],[78.418,11.59],[78.392,11.585],[78.386,11.586],[78.383,11.575],[78.366,11.578],[78.356,11.559],[78.33,11.532],[78.323,11.543],[78.324,11.555],[78.317,11.564],[78.31,11.564],[78.307,11.571],[78.319,11.578],[78.312,11.588],[78.303,11.589],[78.284,11.581],[78.272,11.579],[78.264,11.567],[78.264,11.559],[78.244,11.553],[78.24,11.557],[78.21,11.565],[78.204,11.563],[78.201,11.553],[78.165,11.548],[78.161,11.539],[78.148,11.539],[78.139,11.543],[78.119,11.539],[78.105,11.557],[78.097,11.548],[78.079,11.547],[78.075,11.532],[78.075,11.522],[78.055,11.522],[78.054,11.514],[78.044,11.515],[78.034,11.524],[78.034,11.528],[78.017,11.53],[78.008,11.525],[77.987,11.527],[77.978,11.531],[77.972,11.509],[77.977,11.501],[77.973,11.485],[77.974,11.476],[77.967,11.47],[77.947,11.467],[77.941,11.46],[77.931,11.46],[77.919,11.452],[77.913,11.454],[77.912,11.434],[77.908,11.426],[77.899,11.42],[77.89,11.424],[77.88,11.423],[77.874,11.416],[77.864,11.418],[77.852,11.415],[77.847,11.428],[77.849,11.434],[77.838,11.441],[77.833,11.439],[77.822,11.445],[77.821,11.449],[77.834,11.457],[77.831,11.469],[77.823,11.471],[77.816,11.467],[77.814,11.458],[77.805,11.458],[77.804,11.448],[77.796,11.447],[77.784,11.451],[77.789,11.468],[77.785,11.478],[77.773,11.483],[77.767,11.48],[77.761,11.451],[77.754,11.452],[77.744,11.446],[77.732,11.445],[77.719,11.453],[77.709,11.449],[77.706,11.461],[77.697,11.464],[77.703,11.483],[77.731,11.51],[77.733,11.517],[77.724,11.534],[77.732,11.552],[77.745,11.566],[77.746,11.571],[77.737,11.594],[77.736,11.604],[77.749,11.624],[77.75,11.632],[77.761,11.648],[77.762,11.657],[77.767,11.669],[77.769,11.679],[77.777,11.696],[77.771,11.697],[77.749,11.664],[77.746,11.655],[77.736,11.658],[77.715,11.649],[77.716,11.642],[77.705,11.634],[77.696,11.639],[77.689,11.652],[77.69,11.664],[77.695,11.674],[77.697,11.692],[77.69,11.695],[77.695,11.707],[77.691,11.719],[77.696,11.723],[77.697,11.736],[77.703,11.746],[77.71,11.771],[77.715,11.776],[77.722,11.795],[77.71,11.798],[77.706,11.776],[77.686,11.742],[77.672,11.728],[77.671,11.721],[77.663,11.721],[77.651,11.704],[77.64,11.683],[77.634,11.664],[77.623,11.665],[77.619,11.657],[77.611,11.652],[77.598,11.672],[77.593,11.673],[77.589,11.685],[77.578,11.685],[77.582,11.676],[77.572,11.665],[77.564,11.661],[77.557,11.645],[77.544,11.626],[77.537,11.619],[77.535,11.602],[77.528,11.586],[77.512,11.591],[77.516,11.579],[77.504,11.565],[77.493,11.559],[77.496,11.552],[77.486,11.55],[77.445,11.561],[77.452,11.581],[77.45,11.595],[77.459,11.607],[77.445,11.618],[77.439,11.648],[77.451,11.657],[77.454,11.666],[77.442,11.672],[77.442,11.681],[77.436,11.703],[77.443,11.717],[77.435,11.717],[77.435,11.732],[77.427,11.733],[77.419,11.729],[77.415,11.74],[77.425,11.751],[77.427,11.761],[77.434,11.778],[77.442,11.784],[77.45,11.796],[77.452,11.813],[77.458,11.83],[77.466,11.846],[77.462,11.853],[77.465,11.875],[77.46,11.882],[77.464,11.896],[77.474,11.895],[77.483,11.9],[77.491,11.908],[77.493,11.941],[77.504,11.941],[77.538,11.932],[77.543,11.938],[77.561,11.942],[77.575,11.936],[77.594,11.94],[77.604,11.938],[77.624,11.947],[77.646,11.95],[77.669,11.949],[77.676,11.952]],[[77.532,11.848],[77.525,11.845],[77.534,11.837],[77.535,11.826],[77.532,11.815],[77.527,11.811],[77.527,11.8],[77.533,11.789],[77.529,11.776],[77.508,11.762],[77.499,11.75],[77.495,11.75],[77.48,11.739],[77.467,11.744],[77.45,11.697],[77.453,11.694],[77.457,11.678],[77.472,11.694],[77.469,11.707],[77.483,11.721],[77.496,11.741],[77.51,11.753],[77.525,11.752],[77.539,11.739],[77.547,11.748],[77.54,11.752],[77.557,11.766],[77.56,11.762],[77.564,11.73],[77.572,11.711],[77.583,11.722],[77.578,11.725],[77.596,11.751],[77.585,11.758],[77.59,11.772],[77.614,11.765],[77.621,11.737],[77.627,11.727],[77.632,11.729],[77.635,11.754],[77.625,11.767],[77.617,11.786],[77.606,11.792],[77.593,11.786],[77.572,11.785],[77.573,11.801],[77.556,11.801],[77.55,11.808],[77.547,11.82],[77.542,11.825],[77.545,11.833],[77.543,11.842],[77.532,11.848]]]}},{"type":"Feature","properties":{"key":"sivaganga","name":"Sivaganga"},"geometry":{"type":"Polygon","coordinates":[[[78.137,9.762],[78.139,9.78],[78.144,9.783],[78.146,9.794],[78.139,9.8],[78.141,9.809],[78.159,9.805],[78.171,9.795],[78.168,9.783],[78.162,9.782],[78.16,9.775],[78.174,9.776],[78.183,9.793],[78.188,9.795],[78.193,9.807],[78.188,9.815],[78.179,9.823],[78.165,9.828],[78.152,9.828],[78.153,9.822],[78.143,9.813],[78.135,9.811],[78.132,9.82],[78.132,9.833],[78.123,9.849],[78.125,9.855],[78.141,9.851],[78.151,9.852],[78.151,9.875],[78.161,9.876],[78.181,9.868],[78.188,9.872],[78.195,9.869],[78.203,9.876],[78.21,9.875],[78.223,9.863],[78.229,9.865],[78.241,9.86],[78.244,9.854],[78.239,9.845],[78.247,9.837],[78.258,9.834],[78.261,9.848],[78.267,9.856],[78.255,9.864],[78.25,9.874],[78.264,9.87],[78.287,9.87],[78.293,9.862],[78.31,9.865],[78.313,9.875],[78.314,9.89],[78.31,9.899],[78.313,9.92],[78.317,9.926],[78.334,9.931],[78.34,9.938],[78.367,9.934],[78.37,9.935],[78.369,9.949],[78.371,9.961],[78.378,9.961],[78.389,9.952],[78.413,9.957],[78.423,9.96],[78.457,9.969],[78.454,9.98],[78.448,9.986],[78.455,9.992],[78.458,10.011],[78.456,10.018],[78.443,10.034],[78.431,10.036],[78.428,10.053],[78.437,10.061],[78.453,10.059],[78.454,10.07],[78.462,10.072],[78.463,10.079],[78.458,10.084],[78.457,10.101],[78.471,10.11],[78.474,10.121],[78.457,10.124],[78.453,10.119],[78.437,10.132],[78.43,10.126],[78.425,10.133],[78.402,10.139],[78.413,10.161],[78.399,10.166],[78.395,10.174],[78.404,10.192],[78.405,10.199],[78.412,10.212],[78.408,10.223],[78.398,10.225],[78.393,10.244],[78.398,10.25],[78.406,10.25],[78.411,10.257],[78.425,10.259],[78.424,10.271],[78.418,10.275],[78.406,10.276],[78.388,10.27],[78.384,10.29],[78.391,10.296],[78.391,10.302],[78.379,10.31],[78.392,10.318],[78.396,10.324],[78.405,10.345],[78.4,10.354],[78.416,10.363],[78.437,10.363],[78.449,10.375],[78.439,10.384],[78.44,10.401],[78.449,10.41],[78.464,10.408],[78.47,10.402],[78.49,10.396],[78.492,10.388],[78.506,10.388],[78.506,10.376],[78.498,10.364],[78.498,10.352],[78.509,10.347],[78.521,10.326],[78.52,10.314],[78.515,10.309],[78.519,10.3],[78.513,10.289],[78.517,10.28],[78.507,10.264],[78.487,10.264],[78.471,10.27],[78.453,10.267],[78.45,10.249],[78.458,10.241],[78.475,10.245],[78.488,10.234],[78.478,10.223],[78.473,10.208],[78.485,10.192],[78.498,10.189],[78.516,10.19],[78.514,10.198],[78.516,10.227],[78.519,10.237],[78.528,10.239],[78.53,10.25],[78.534,10.254],[78.549,10.252],[78.563,10.253],[78.571,10.257],[78.577,10.266],[78.572,10.28],[78.578,10.287],[78.592,10.279],[78.625,10.269],[78.636,10.269],[78.652,10.253],[78.648,10.245],[78.651,10.237],[78.647,10.226],[78.659,10.214],[78.666,10.212],[78.673,10.205],[78.664,10.181],[78.67,10.176],[78.668,10.154],[78.686,10.146],[78.709,10.176],[78.727,10.17],[78.727,10.162],[78.738,10.162],[78.753,10.165],[78.767,10.163],[78.765,10.174],[78.765,10.193],[78.77,10.199],[78.788,10.207],[78.794,10.206],[78.81,10.213],[78.823,10.198],[78.816,10.17],[78.819,10.159],[78.83,10.155],[78.837,10.14],[78.848,10.137],[78.848,10.126],[78.862,10.126],[78.865,10.136],[78.871,10.137],[78.882,10.155],[78.897,10.147],[78.902,10.152],[78.914,10.145],[78.91,10.133],[78.913,10.128],[78.941,10.114],[78.95,10.109],[78.964,10.119],[78.968,10.127],[78.977,10.11],[78.977,10.102],[78.987,10.089],[78.977,10.081],[78.972,10.082],[78.96,10.095],[78.95,10.09],[78.946,10.079],[78.936,10.073],[78.944,10.056],[78.934,10.053],[78.926,10.043],[78.931,10.039],[78.93,10.022],[78.952,10.008],[78.965,10.007],[78.975,10],[78.972,9.992],[78.981,9.99],[78.988,9.995],[78.998,9.995],[79.014,9.981],[79.003,9.979],[78.997,9.967],[79.002,9.964],[79.003,9.956],[78.988,9.95],[78.991,9.944],[78.975,9.941],[78.967,9.943],[78.963,9.924],[78.944,9.917],[78.93,9.926],[78.917,9.927],[78.91,9.917],[78.904,9.919],[78.894,9.913],[78.894,9.907],[78.901,9.895],[78.891,9.879],[78.883,9.88],[78.869,9.853],[78.872,9.845],[78.866,9.834],[78.874,9.825],[78.864,9.814],[78.868,9.806],[78.866,9.789],[78.874,9.785],[78.887,9.787],[78.893,9.773],[78.893,9.762],[78.883,9.747],[78.858,9.765],[78.85,9.761],[78.854,9.755],[78.845,9.743],[78.834,9.75],[78.824,9.75],[78.817,9.744],[78.826,9.734],[78.815,9.732],[78.809,9.739],[78.806,9.75],[78.806,9.76],[78.822,9.761],[78.831,9.782],[78.828,9.793],[78.817,9.78],[78.81,9.787],[78.798,9.787],[78.792,9.776],[78.782,9.765],[78.785,9.785],[78.782,9.795],[78.774,9.787],[78.752,9.78],[78.745,9.782],[78.744,9.76],[78.734,9.759],[78.733,9.749],[78.741,9.746],[78.745,9.708],[78.752,9.716],[78.78,9.718],[78.782,9.713],[78.796,9.703],[78.799,9.696],[78.794,9.674],[78.794,9.665],[78.786,9.652],[78.795,9.644],[78.795,9.626],[78.803,9.621],[78.807,9.626],[78.819,9.624],[78.827,9.617],[78.821,9.6],[78.794,9.597],[78.772,9.588],[78.764,9.593],[78.754,9.593],[78.75,9.589],[78.727,9.589],[78.706,9.594],[78.689,9.601],[78.681,9.602],[78.679,9.594],[78.694,9.577],[78.686,9.57],[78.684,9.563],[78.668,9.551],[78.654,9.543],[78.662,9.536],[78.656,9.52],[78.643,9.527],[78.634,9.527],[78.625,9.534],[78.615,9.538],[78.617,9.549],[78.611,9.557],[78.598,9.561],[78.59,9.571],[78.576,9.576],[78.571,9.567],[78.558,9.575],[78.531,9.576],[78.52,9.579],[78.507,9.593],[78.499,9.598],[78.503,9.611],[78.486,9.609],[78.477,9.613],[78.472,9.627],[78.462,9.636],[78.458,9.622],[78.454,9.616],[78.44,9.615],[78.439,9.609],[78.429,9.609],[78.418,9.608],[78.408,9.619],[78.4,9.612],[78.394,9.619],[78.39,9.631],[78.394,9.646],[78.388,9.654],[78.376,9.657],[78.356,9.652],[78.35,9.666],[78.345,9.657],[78.339,9.658],[78.336,9.669],[78.342,9.672],[78.342,9.68],[78.336,9.688],[78.327,9.693],[78.321,9.71],[78.328,9.726],[78.322,9.734],[78.312,9.723],[78.305,9.706],[78.3,9.703],[78.296,9.691],[78.302,9.688],[78.3,9.677],[78.287,9.676],[78.283,9.682],[78.273,9.686],[78.277,9.694],[78.277,9.721],[78.272,9.729],[78.277,9.741],[78.257,9.752],[78.241,9.756],[78.229,9.764],[78.219,9.777],[78.208,9.781],[78.204,9.764],[78.196,9.768],[78.185,9.758],[78.163,9.758],[78.147,9.75],[78.146,9.743],[78.134,9.748],[78.137,9.762]]]}},{"type":"Feature","properties":{"key":"tenkasi","name":"Tenkasi"},"geometry":{"type":"Polygon","coordinates":[[[77.339,9.42],[77.35,9.413],[77.361,9.411],[77.372,9.402],[77.379,9.402],[77.388,9.392],[77.397,9.396],[77.406,9.394],[77.42,9.399],[77.435,9.39],[77.438,9.382],[77.451,9.37],[77.443,9.363],[77.441,9.354],[77.458,9.351],[77.463,9.346],[77.459,9.336],[77.465,9.329],[77.472,9.328],[77.475,9.341],[77.506,9.332],[77.521,9.335],[77.528,9.349],[77.521,9.354],[77.529,9.36],[77.531,9.376],[77.552,9.369],[77.55,9.363],[77.56,9.355],[77.575,9.354],[77.573,9.343],[77.587,9.348],[77.591,9.344],[77.591,9.309],[77.604,9.307],[77.607,9.302],[77.645,9.289],[77.661,9.287],[77.677,9.287],[77.712,9.291],[77.722,9.281],[77.739,9.281],[77.742,9.264],[77.742,9.219],[77.734,9.221],[77.734,9.196],[77.727,9.19],[77.706,9.188],[77.706,9.169],[77.69,9.159],[77.691,9.151],[77.696,9.142],[77.697,9.134],[77.688,9.133],[77.683,9.138],[77.674,9.138],[77.677,9.11],[77.686,9.102],[77.726,9.106],[77.741,9.104],[77.744,9.078],[77.737,9.073],[77.704,9.073],[77.704,9.065],[77.712,9.05],[77.713,9.043],[77.702,9.04],[77.695,9.027],[77.693,9.015],[77.688,9.014],[77.689,9],[77.705,9.002],[77.722,9.003],[77.727,8.997],[77.729,8.983],[77.722,8.979],[77.72,8.967],[77.703,8.969],[77.694,8.99],[77.686,8.995],[77.676,8.989],[77.678,8.972],[77.684,8.96],[77.69,8.958],[77.692,8.936],[77.696,8.926],[77.695,8.919],[77.685,8.919],[77.666,8.931],[77.657,8.934],[77.654,8.946],[77.655,8.956],[77.634,8.955],[77.63,8.947],[77.622,8.949],[77.614,8.942],[77.593,8.945],[77.593,8.911],[77.58,8.907],[77.573,8.909],[77.565,8.895],[77.577,8.874],[77.591,8.875],[77.594,8.868],[77.589,8.852],[77.585,8.827],[77.57,8.811],[77.567,8.8],[77.568,8.789],[77.555,8.785],[77.536,8.79],[77.532,8.786],[77.52,8.787],[77.519,8.802],[77.514,8.803],[77.506,8.795],[77.493,8.797],[77.487,8.806],[77.476,8.807],[77.468,8.812],[77.462,8.802],[77.463,8.79],[77.456,8.786],[77.461,8.778],[77.459,8.767],[77.45,8.764],[77.42,8.787],[77.414,8.811],[77.415,8.818],[77.407,8.838],[77.394,8.848],[77.384,8.849],[77.383,8.862],[77.386,8.87],[77.373,8.87],[77.363,8.873],[77.337,8.871],[77.331,8.876],[77.319,8.875],[77.313,8.873],[77.295,8.882],[77.289,8.879],[77.273,8.876],[77.262,8.881],[77.256,8.879],[77.246,8.88],[77.238,8.886],[77.239,8.898],[77.221,8.904],[77.218,8.919],[77.21,8.919],[77.192,8.929],[77.197,8.936],[77.194,8.944],[77.197,8.952],[77.186,8.97],[77.178,8.969],[77.173,8.991],[77.162,8.995],[77.149,9.01],[77.147,9.022],[77.155,9.023],[77.161,9.03],[77.16,9.036],[77.167,9.045],[77.184,9.047],[77.193,9.044],[77.197,9.057],[77.206,9.066],[77.209,9.075],[77.206,9.085],[77.212,9.1],[77.225,9.107],[77.228,9.117],[77.242,9.125],[77.247,9.125],[77.253,9.139],[77.266,9.152],[77.267,9.174],[77.261,9.183],[77.252,9.189],[77.256,9.196],[77.27,9.2],[77.27,9.205],[77.28,9.216],[77.274,9.236],[77.283,9.256],[77.282,9.272],[77.289,9.274],[77.283,9.291],[77.283,9.301],[77.289,9.302],[77.3,9.311],[77.303,9.32],[77.3,9.337],[77.316,9.335],[77.325,9.337],[77.325,9.343],[77.336,9.361],[77.338,9.368],[77.335,9.378],[77.336,9.386],[77.344,9.402],[77.336,9.413],[77.339,9.42]]]}},{"type":"Feature","properties":{"key":"thanjavur","name":"Thanjavur"},"geometry":{"type":"Polygon","coordinates":[[[79.006,10.894],[79.033,10.887],[79.048,10.888],[79.063,10.898],[79.067,10.908],[79.076,10.922],[79.084,10.927],[79.11,10.925],[79.123,10.93],[79.141,10.94],[79.157,10.942],[79.179,10.94],[79.194,10.948],[79.203,10.949],[79.205,10.94],[79.222,10.946],[79.24,10.965],[79.26,10.979],[79.27,10.988],[79.281,11.004],[79.291,11.014],[79.312,11.018],[79.335,11.031],[79.342,11.039],[79.358,11.049],[79.372,11.054],[79.399,11.067],[79.413,11.082],[79.422,11.097],[79.431,11.121],[79.459,11.151],[79.473,11.161],[79.479,11.162],[79.5,11.176],[79.527,11.184],[79.538,11.176],[79.542,11.161],[79.557,11.163],[79.558,11.154],[79.566,11.155],[79.571,11.144],[79.559,11.132],[79.549,11.127],[79.55,11.115],[79.541,11.111],[79.547,11.105],[79.543,11.09],[79.553,11.083],[79.553,11.078],[79.537,11.07],[79.53,11.056],[79.522,11.053],[79.511,11.042],[79.513,11.028],[79.53,11.027],[79.531,11.011],[79.546,11],[79.523,10.997],[79.524,10.989],[79.512,10.988],[79.516,10.97],[79.516,10.956],[79.519,10.947],[79.514,10.942],[79.501,10.942],[79.499,10.932],[79.486,10.922],[79.494,10.916],[79.496,10.904],[79.507,10.904],[79.507,10.896],[79.493,10.889],[79.488,10.889],[79.486,10.869],[79.472,10.87],[79.466,10.865],[79.454,10.865],[79.446,10.872],[79.439,10.873],[79.409,10.888],[79.405,10.893],[79.39,10.896],[79.377,10.893],[79.368,10.899],[79.359,10.9],[79.344,10.912],[79.329,10.916],[79.328,10.925],[79.309,10.928],[79.301,10.936],[79.292,10.938],[79.279,10.922],[79.287,10.918],[79.287,10.907],[79.268,10.905],[79.272,10.899],[79.268,10.888],[79.275,10.883],[79.274,10.873],[79.289,10.872],[79.295,10.864],[79.295,10.843],[79.302,10.829],[79.308,10.824],[79.325,10.818],[79.339,10.811],[79.353,10.811],[79.356,10.808],[79.371,10.808],[79.37,10.796],[79.353,10.794],[79.346,10.783],[79.345,10.766],[79.361,10.765],[79.361,10.752],[79.344,10.74],[79.32,10.737],[79.312,10.747],[79.302,10.738],[79.308,10.721],[79.307,10.71],[79.313,10.702],[79.32,10.685],[79.317,10.672],[79.318,10.661],[79.343,10.658],[79.358,10.645],[79.354,10.632],[79.348,10.627],[79.354,10.607],[79.349,10.607],[79.347,10.592],[79.352,10.583],[79.361,10.579],[79.392,10.582],[79.4,10.577],[79.401,10.569],[79.398,10.561],[79.4,10.554],[79.424,10.55],[79.429,10.557],[79.446,10.558],[79.444,10.551],[79.423,10.542],[79.423,10.535],[79.438,10.531],[79.439,10.524],[79.457,10.52],[79.458,10.514],[79.469,10.511],[79.459,10.501],[79.453,10.491],[79.462,10.487],[79.468,10.493],[79.477,10.493],[79.483,10.49],[79.479,10.463],[79.47,10.46],[79.476,10.45],[79.472,10.434],[79.455,10.434],[79.459,10.419],[79.465,10.416],[79.466,10.407],[79.474,10.407],[79.477,10.394],[79.464,10.394],[79.468,10.381],[79.475,10.372],[79.487,10.379],[79.49,10.371],[79.505,10.366],[79.505,10.357],[79.499,10.349],[79.499,10.315],[79.432,10.318],[79.388,10.318],[79.373,10.308],[79.36,10.291],[79.338,10.288],[79.329,10.284],[79.316,10.274],[79.298,10.263],[79.273,10.239],[79.267,10.229],[79.278,10.222],[79.279,10.215],[79.26,10.194],[79.254,10.196],[79.242,10.185],[79.236,10.172],[79.239,10.16],[79.228,10.152],[79.226,10.137],[79.207,10.137],[79.209,10.145],[79.203,10.158],[79.191,10.162],[79.179,10.158],[79.167,10.161],[79.16,10.157],[79.151,10.16],[79.157,10.169],[79.16,10.185],[79.15,10.185],[79.153,10.197],[79.161,10.195],[79.174,10.203],[79.183,10.193],[79.189,10.201],[79.181,10.216],[79.174,10.214],[79.163,10.218],[79.15,10.216],[79.144,10.236],[79.134,10.231],[79.116,10.234],[79.118,10.253],[79.129,10.254],[79.133,10.265],[79.128,10.282],[79.119,10.289],[79.133,10.309],[79.135,10.32],[79.131,10.325],[79.119,10.328],[79.12,10.337],[79.139,10.342],[79.147,10.35],[79.152,10.35],[79.149,10.373],[79.145,10.377],[79.145,10.389],[79.153,10.401],[79.147,10.411],[79.132,10.424],[79.129,10.434],[79.145,10.45],[79.159,10.447],[79.172,10.453],[79.173,10.459],[79.191,10.46],[79.194,10.468],[79.183,10.47],[79.177,10.478],[79.168,10.478],[79.159,10.474],[79.152,10.476],[79.147,10.486],[79.135,10.487],[79.129,10.492],[79.132,10.498],[79.141,10.501],[79.14,10.512],[79.149,10.519],[79.149,10.528],[79.158,10.534],[79.168,10.53],[79.178,10.538],[79.185,10.538],[79.183,10.556],[79.189,10.565],[79.191,10.578],[79.179,10.571],[79.177,10.586],[79.169,10.585],[79.155,10.589],[79.141,10.588],[79.144,10.606],[79.134,10.621],[79.13,10.634],[79.119,10.635],[79.104,10.615],[79.101,10.63],[79.08,10.636],[79.07,10.641],[79.066,10.649],[79.066,10.67],[79.054,10.68],[79.029,10.681],[79.021,10.688],[79.021,10.699],[79.027,10.706],[79.011,10.708],[79.01,10.719],[79.001,10.723],[78.994,10.722],[78.991,10.706],[78.983,10.697],[78.987,10.679],[78.97,10.675],[78.971,10.662],[78.964,10.652],[78.955,10.668],[78.946,10.669],[78.938,10.675],[78.933,10.684],[78.919,10.671],[78.908,10.672],[78.906,10.681],[78.894,10.685],[78.893,10.694],[78.882,10.695],[78.873,10.706],[78.865,10.721],[78.865,10.733],[78.869,10.744],[78.868,10.761],[78.873,10.762],[78.875,10.773],[78.881,10.777],[78.88,10.789],[78.867,10.785],[78.866,10.8],[78.86,10.806],[78.868,10.815],[78.869,10.826],[78.826,10.825],[78.817,10.823],[78.805,10.826],[78.797,10.824],[78.776,10.833],[78.803,10.838],[78.815,10.835],[78.83,10.84],[78.852,10.843],[78.858,10.846],[78.884,10.854],[78.896,10.86],[78.923,10.866],[78.939,10.876],[78.938,10.884],[78.959,10.894],[78.966,10.887],[78.998,10.895],[79.006,10.894]]]}},{"type":"Feature","properties":{"key":"theni","name":"Theni"},"geometry":{"type":"Polygon","coordinates":[[[77.267,10.122],[77.283,10.118],[77.287,10.127],[77.302,10.136],[77.313,10.135],[77.324,10.128],[77.329,10.142],[77.341,10.136],[77.36,10.151],[77.375,10.143],[77.384,10.146],[77.398,10.16],[77.409,10.158],[77.411,10.145],[77.428,10.136],[77.438,10.132],[77.445,10.136],[77.462,10.13],[77.468,10.134],[77.468,10.142],[77.477,10.148],[77.489,10.148],[77.5,10.161],[77.512,10.161],[77.536,10.179],[77.556,10.202],[77.569,10.193],[77.567,10.183],[77.587,10.193],[77.592,10.191],[77.603,10.2],[77.596,10.206],[77.621,10.218],[77.626,10.211],[77.649,10.201],[77.653,10.195],[77.668,10.19],[77.671,10.196],[77.686,10.202],[77.693,10.197],[77.697,10.206],[77.708,10.209],[77.701,10.196],[77.705,10.184],[77.716,10.17],[77.729,10.159],[77.725,10.154],[77.724,10.136],[77.719,10.13],[77.708,10.129],[77.698,10.134],[77.692,10.145],[77.676,10.145],[77.674,10.14],[77.676,10.118],[77.693,10.112],[77.703,10.103],[77.698,10.087],[77.708,10.082],[77.708,10.064],[77.71,10.05],[77.706,10.039],[77.712,10.034],[77.713,10.026],[77.709,10.018],[77.7,10.014],[77.697,10.001],[77.697,9.983],[77.692,9.968],[77.682,9.969],[77.673,9.962],[77.679,9.933],[77.669,9.914],[77.654,9.919],[77.653,9.91],[77.646,9.902],[77.646,9.89],[77.632,9.871],[77.618,9.858],[77.617,9.842],[77.624,9.831],[77.624,9.824],[77.612,9.799],[77.603,9.791],[77.601,9.781],[77.581,9.76],[77.564,9.745],[77.554,9.715],[77.541,9.695],[77.535,9.675],[77.512,9.653],[77.504,9.65],[77.506,9.638],[77.494,9.621],[77.486,9.614],[77.485,9.607],[77.475,9.597],[77.464,9.579],[77.474,9.572],[77.475,9.563],[77.477,9.552],[77.455,9.542],[77.428,9.547],[77.422,9.54],[77.414,9.537],[77.402,9.525],[77.385,9.519],[77.373,9.527],[77.366,9.535],[77.366,9.551],[77.362,9.558],[77.353,9.56],[77.35,9.567],[77.36,9.579],[77.356,9.588],[77.355,9.604],[77.345,9.588],[77.339,9.573],[77.325,9.58],[77.326,9.589],[77.322,9.598],[77.315,9.601],[77.304,9.599],[77.29,9.585],[77.27,9.573],[77.264,9.574],[77.253,9.583],[77.243,9.585],[77.237,9.581],[77.222,9.593],[77.222,9.598],[77.21,9.605],[77.204,9.614],[77.189,9.606],[77.168,9.615],[77.168,9.622],[77.176,9.629],[77.174,9.637],[77.179,9.645],[77.18,9.656],[77.195,9.674],[77.207,9.694],[77.202,9.704],[77.205,9.713],[77.205,9.724],[77.218,9.726],[77.223,9.73],[77.22,9.745],[77.232,9.769],[77.224,9.778],[77.223,9.788],[77.236,9.79],[77.247,9.798],[77.247,9.808],[77.24,9.816],[77.227,9.821],[77.224,9.829],[77.228,9.838],[77.223,9.845],[77.237,9.851],[77.236,9.86],[77.22,9.865],[77.215,9.877],[77.221,9.884],[77.218,9.904],[77.23,9.912],[77.232,9.924],[77.238,9.937],[77.253,9.953],[77.261,9.952],[77.273,9.964],[77.273,9.976],[77.269,9.979],[77.261,9.996],[77.266,10.001],[77.255,10.01],[77.262,10.03],[77.255,10.036],[77.245,10.052],[77.238,10.056],[77.231,10.066],[77.224,10.069],[77.22,10.077],[77.203,10.089],[77.201,10.106],[77.208,10.118],[77.216,10.116],[77.233,10.124],[77.238,10.13],[77.267,10.122]]]}},{"type":"Feature","properties":{"key":"thoothukudi","name":"Thoothukudi"},"geometry":{"type":"Polygon","coordinates":[[[78.281,9.284],[78.273,9.257],[78.271,9.219],[78.269,9.202],[78.288,9.206],[78.296,9.205],[78.291,9.179],[78.275,9.149],[78.274,9.141],[78.288,9.136],[78.315,9.133],[78.321,9.129],[78.332,9.126],[78.35,9.118],[78.356,9.118],[78.357,9.099],[78.365,9.103],[78.385,9.095],[78.376,9.088],[78.363,9.075],[78.346,9.06],[78.324,9.044],[78.272,9.004],[78.24,8.985],[78.215,8.966],[78.207,8.952],[78.198,8.943],[78.189,8.929],[78.18,8.906],[78.181,8.897],[78.172,8.886],[78.166,8.866],[78.167,8.842],[78.165,8.833],[78.168,8.826],[78.158,8.797],[78.169,8.771],[78.18,8.769],[78.19,8.764],[78.195,8.767],[78.194,8.787],[78.2,8.785],[78.196,8.753],[78.183,8.751],[78.17,8.745],[78.16,8.736],[78.156,8.725],[78.154,8.712],[78.136,8.694],[78.129,8.668],[78.127,8.617],[78.137,8.589],[78.138,8.583],[78.132,8.56],[78.132,8.554],[78.126,8.545],[78.124,8.534],[78.122,8.512],[78.13,8.497],[78.116,8.48],[78.096,8.46],[78.077,8.436],[78.063,8.415],[78.058,8.393],[78.057,8.379],[78.066,8.372],[78.026,8.359],[78.003,8.35],[77.972,8.333],[77.95,8.335],[77.933,8.33],[77.926,8.331],[77.912,8.322],[77.89,8.324],[77.889,8.342],[77.884,8.347],[77.859,8.341],[77.86,8.356],[77.851,8.356],[77.842,8.366],[77.853,8.367],[77.853,8.377],[77.842,8.379],[77.845,8.385],[77.857,8.385],[77.86,8.399],[77.852,8.403],[77.853,8.415],[77.848,8.424],[77.838,8.426],[77.832,8.432],[77.84,8.452],[77.833,8.453],[77.838,8.473],[77.839,8.484],[77.827,8.49],[77.829,8.499],[77.827,8.512],[77.823,8.518],[77.814,8.52],[77.814,8.528],[77.82,8.541],[77.82,8.55],[77.813,8.553],[77.816,8.563],[77.803,8.576],[77.781,8.583],[77.786,8.619],[77.793,8.615],[77.806,8.612],[77.819,8.631],[77.819,8.65],[77.809,8.647],[77.809,8.658],[77.816,8.665],[77.817,8.672],[77.824,8.681],[77.81,8.683],[77.818,8.699],[77.821,8.72],[77.827,8.73],[77.826,8.743],[77.821,8.75],[77.821,8.778],[77.836,8.781],[77.846,8.789],[77.846,8.796],[77.851,8.804],[77.843,8.816],[77.834,8.823],[77.831,8.833],[77.819,8.837],[77.82,8.846],[77.815,8.858],[77.808,8.867],[77.81,8.871],[77.801,8.88],[77.79,8.883],[77.768,8.883],[77.761,8.891],[77.764,8.904],[77.764,8.918],[77.76,8.928],[77.737,8.932],[77.736,8.924],[77.725,8.926],[77.696,8.926],[77.692,8.936],[77.69,8.958],[77.684,8.96],[77.678,8.972],[77.676,8.989],[77.686,8.995],[77.694,8.99],[77.703,8.969],[77.72,8.967],[77.722,8.979],[77.729,8.983],[77.727,8.997],[77.722,9.003],[77.705,9.002],[77.689,9],[77.688,9.014],[77.693,9.015],[77.695,9.027],[77.702,9.04],[77.713,9.043],[77.712,9.05],[77.704,9.065],[77.704,9.073],[77.737,9.073],[77.744,9.078],[77.741,9.104],[77.726,9.106],[77.686,9.102],[77.677,9.11],[77.674,9.138],[77.683,9.138],[77.688,9.133],[77.697,9.134],[77.696,9.142],[77.691,9.151],[77.69,9.159],[77.706,9.169],[77.706,9.188],[77.727,9.19],[77.734,9.196],[77.734,9.221],[77.742,9.219],[77.742,9.264],[77.746,9.268],[77.758,9.267],[77.761,9.249],[77.769,9.242],[77.77,9.236],[77.781,9.239],[77.782,9.247],[77.79,9.252],[77.788,9.263],[77.773,9.27],[77.774,9.276],[77.797,9.273],[77.796,9.256],[77.807,9.252],[77.806,9.246],[77.826,9.243],[77.866,9.245],[77.88,9.245],[77.881,9.234],[77.875,9.226],[77.879,9.218],[77.878,9.208],[77.887,9.205],[77.9,9.204],[77.909,9.2],[77.918,9.202],[77.93,9.216],[77.932,9.223],[77.946,9.221],[77.948,9.231],[77.956,9.23],[77.957,9.249],[77.964,9.252],[77.984,9.251],[77.988,9.268],[78.008,9.274],[78.011,9.295],[78.007,9.304],[78.011,9.308],[78.04,9.306],[78.049,9.307],[78.048,9.314],[78.036,9.323],[78.034,9.334],[78.042,9.337],[78.05,9.345],[78.052,9.358],[78.057,9.363],[78.074,9.361],[78.113,9.363],[78.137,9.366],[78.149,9.372],[78.168,9.369],[78.167,9.355],[78.171,9.342],[78.191,9.332],[78.209,9.327],[78.212,9.305],[78.227,9.297],[78.245,9.297],[78.262,9.295],[78.281,9.29],[78.281,9.284]]]}},{"type":"Feature","properties":{"key":"tiruchirappalli","name":"Tiruchirappalli"},"geometry":{"type":"Polygon","coordinates":[[[79.006,11.059],[79.012,11.01],[78.994,11.001],[78.99,10.994],[78.99,10.982],[78.973,10.972],[78.946,10.975],[78.95,10.956],[78.959,10.951],[78.972,10.948],[78.98,10.939],[78.982,10.927],[78.99,10.928],[79.002,10.922],[79.007,10.901],[79.006,10.894],[78.998,10.895],[78.966,10.887],[78.959,10.894],[78.938,10.884],[78.939,10.876],[78.923,10.866],[78.896,10.86],[78.884,10.854],[78.858,10.846],[78.852,10.843],[78.83,10.84],[78.815,10.835],[78.803,10.838],[78.776,10.833],[78.797,10.824],[78.805,10.826],[78.817,10.823],[78.826,10.825],[78.869,10.826],[78.868,10.815],[78.86,10.806],[78.866,10.8],[78.867,10.785],[78.88,10.789],[78.881,10.777],[78.875,10.773],[78.873,10.762],[78.868,10.761],[78.869,10.744],[78.865,10.733],[78.865,10.721],[78.873,10.706],[78.872,10.688],[78.859,10.692],[78.831,10.695],[78.82,10.695],[78.812,10.68],[78.804,10.676],[78.798,10.667],[78.791,10.65],[78.774,10.651],[78.765,10.655],[78.759,10.653],[78.758,10.644],[78.744,10.643],[78.743,10.655],[78.736,10.672],[78.738,10.683],[78.747,10.687],[78.746,10.698],[78.743,10.707],[78.736,10.715],[78.719,10.717],[78.71,10.722],[78.709,10.733],[78.689,10.735],[78.693,10.708],[78.698,10.702],[78.693,10.691],[78.682,10.687],[78.683,10.671],[78.667,10.672],[78.667,10.658],[78.659,10.654],[78.652,10.659],[78.656,10.676],[78.651,10.681],[78.656,10.688],[78.658,10.705],[78.647,10.704],[78.641,10.708],[78.627,10.704],[78.622,10.69],[78.616,10.682],[78.609,10.681],[78.593,10.659],[78.579,10.664],[78.575,10.66],[78.566,10.661],[78.565,10.671],[78.568,10.681],[78.551,10.686],[78.542,10.677],[78.523,10.674],[78.517,10.665],[78.52,10.652],[78.529,10.645],[78.527,10.629],[78.507,10.636],[78.492,10.635],[78.482,10.638],[78.478,10.631],[78.469,10.628],[78.467,10.619],[78.46,10.611],[78.448,10.609],[78.46,10.59],[78.459,10.581],[78.466,10.578],[78.463,10.562],[78.469,10.541],[78.486,10.539],[78.491,10.527],[78.488,10.523],[78.493,10.51],[78.498,10.507],[78.496,10.485],[78.519,10.483],[78.527,10.486],[78.54,10.503],[78.539,10.513],[78.533,10.514],[78.533,10.522],[78.544,10.53],[78.55,10.514],[78.565,10.512],[78.569,10.52],[78.581,10.517],[78.579,10.507],[78.571,10.489],[78.585,10.481],[78.589,10.474],[78.583,10.446],[78.571,10.446],[78.561,10.432],[78.553,10.427],[78.55,10.433],[78.523,10.437],[78.517,10.418],[78.517,10.408],[78.527,10.403],[78.531,10.397],[78.525,10.378],[78.506,10.376],[78.506,10.388],[78.492,10.388],[78.49,10.396],[78.47,10.402],[78.464,10.408],[78.449,10.41],[78.44,10.401],[78.439,10.384],[78.449,10.375],[78.437,10.363],[78.416,10.363],[78.4,10.354],[78.405,10.345],[78.396,10.324],[78.392,10.318],[78.379,10.31],[78.372,10.309],[78.361,10.296],[78.35,10.299],[78.333,10.3],[78.338,10.325],[78.324,10.337],[78.318,10.349],[78.305,10.352],[78.292,10.362],[78.286,10.37],[78.279,10.373],[78.277,10.383],[78.288,10.395],[78.288,10.402],[78.303,10.407],[78.307,10.412],[78.307,10.424],[78.315,10.439],[78.296,10.45],[78.277,10.454],[78.252,10.463],[78.246,10.468],[78.234,10.47],[78.224,10.466],[78.218,10.467],[78.213,10.474],[78.207,10.474],[78.203,10.487],[78.192,10.501],[78.173,10.504],[78.177,10.517],[78.186,10.523],[78.19,10.538],[78.2,10.547],[78.209,10.55],[78.231,10.55],[78.243,10.554],[78.25,10.569],[78.257,10.57],[78.263,10.579],[78.26,10.596],[78.256,10.601],[78.263,10.615],[78.265,10.626],[78.274,10.687],[78.277,10.696],[78.282,10.731],[78.292,10.735],[78.289,10.714],[78.293,10.702],[78.316,10.702],[78.321,10.709],[78.334,10.71],[78.342,10.705],[78.345,10.722],[78.359,10.726],[78.378,10.726],[78.374,10.718],[78.384,10.717],[78.399,10.696],[78.4,10.682],[78.407,10.674],[78.421,10.671],[78.429,10.676],[78.434,10.688],[78.451,10.69],[78.457,10.687],[78.471,10.69],[78.468,10.699],[78.475,10.704],[78.49,10.698],[78.513,10.695],[78.517,10.707],[78.528,10.71],[78.534,10.716],[78.552,10.723],[78.566,10.74],[78.567,10.758],[78.562,10.765],[78.572,10.775],[78.557,10.789],[78.547,10.791],[78.547,10.802],[78.555,10.813],[78.576,10.808],[78.588,10.829],[78.573,10.836],[78.579,10.85],[78.563,10.864],[78.551,10.878],[78.527,10.882],[78.52,10.882],[78.502,10.887],[78.494,10.894],[78.485,10.886],[78.471,10.886],[78.472,10.898],[78.482,10.904],[78.48,10.908],[78.464,10.914],[78.469,10.921],[78.453,10.926],[78.439,10.937],[78.428,10.947],[78.403,10.961],[78.384,10.96],[78.38,10.964],[78.342,10.961],[78.317,10.964],[78.303,10.964],[78.273,10.968],[78.25,10.969],[78.227,10.96],[78.207,10.959],[78.195,10.963],[78.198,10.971],[78.187,10.98],[78.182,10.979],[78.171,10.995],[78.165,11.013],[78.173,11.013],[78.182,11.02],[78.195,11.022],[78.197,11.03],[78.194,11.045],[78.182,11.042],[78.168,11.044],[78.163,11.049],[78.183,11.07],[78.192,11.065],[78.204,11.071],[78.219,11.067],[78.221,11.058],[78.235,11.064],[78.235,11.079],[78.229,11.085],[78.23,11.095],[78.249,11.092],[78.255,11.081],[78.266,11.07],[78.272,11.078],[78.291,11.077],[78.295,11.072],[78.324,11.058],[78.33,11.03],[78.345,11.026],[78.349,11.033],[78.35,11.048],[78.36,11.047],[78.363,11.065],[78.351,11.069],[78.35,11.075],[78.342,11.083],[78.338,11.095],[78.324,11.097],[78.327,11.104],[78.337,11.105],[78.343,11.112],[78.348,11.123],[78.346,11.134],[78.35,11.137],[78.364,11.138],[78.377,11.135],[78.382,11.142],[78.379,11.17],[78.387,11.177],[78.381,11.187],[78.392,11.19],[78.4,11.195],[78.411,11.197],[78.415,11.209],[78.422,11.212],[78.42,11.221],[78.425,11.226],[78.435,11.255],[78.44,11.259],[78.439,11.269],[78.447,11.275],[78.45,11.292],[78.457,11.306],[78.465,11.312],[78.461,11.324],[78.447,11.332],[78.447,11.345],[78.455,11.349],[78.465,11.377],[78.47,11.386],[78.479,11.388],[78.486,11.407],[78.496,11.409],[78.51,11.397],[78.506,11.383],[78.515,11.384],[78.523,11.371],[78.535,11.368],[78.542,11.369],[78.553,11.359],[78.552,11.346],[78.555,11.335],[78.553,11.32],[78.572,11.315],[78.58,11.319],[78.584,11.33],[78.593,11.327],[78.605,11.339],[78.622,11.336],[78.641,11.342],[78.656,11.366],[78.663,11.374],[78.689,11.382],[78.674,11.368],[78.672,11.36],[78.66,11.358],[78.657,11.347],[78.641,11.337],[78.64,11.329],[78.656,11.334],[78.661,11.331],[78.661,11.322],[78.666,11.317],[78.675,11.327],[78.687,11.324],[78.706,11.325],[78.733,11.323],[78.738,11.317],[78.736,11.31],[78.739,11.294],[78.751,11.285],[78.738,11.274],[78.729,11.272],[78.726,11.261],[78.717,11.258],[78.71,11.249],[78.713,11.24],[78.709,11.228],[78.713,11.214],[78.699,11.191],[78.685,11.196],[78.675,11.194],[78.673,11.186],[78.662,11.174],[78.651,11.168],[78.659,11.163],[78.674,11.165],[78.681,11.145],[78.681,11.13],[78.688,11.126],[78.687,11.114],[78.694,11.104],[78.695,11.094],[78.7,11.084],[78.701,11.069],[78.718,11.056],[78.72,11.074],[78.743,11.075],[78.745,11.083],[78.738,11.089],[78.735,11.106],[78.749,11.116],[78.761,11.12],[78.779,11.115],[78.811,11.112],[78.806,11.09],[78.807,11.079],[78.84,11.076],[78.848,11.089],[78.862,11.09],[78.871,11.085],[78.873,11.097],[78.88,11.099],[78.896,11.1],[78.917,11.096],[78.927,11.09],[78.939,11.095],[78.974,11.094],[78.984,11.089],[78.985,11.079],[78.998,11.076],[79.002,11.061],[79.006,11.059]],[[78.569,10.709],[78.558,10.703],[78.57,10.685],[78.575,10.685],[78.58,10.7],[78.575,10.709],[78.569,10.709]]]}},{"type":"Feature","properties":{"key":"tirunelveli","name":"Tirunelveli"},"geometry":{"type":"Polygon","coordinates":[[[77.589,8.142],[77.582,8.151],[77.569,8.152],[77.562,8.157],[77.54,8.161],[77.538,8.174],[77.547,8.179],[77.549,8.19],[77.544,8.21],[77.548,8.219],[77.542,8.232],[77.547,8.244],[77.575,8.245],[77.574,8.256],[77.562,8.262],[77.563,8.276],[77.554,8.277],[77.558,8.285],[77.548,8.295],[77.542,8.311],[77.531,8.318],[77.535,8.325],[77.533,8.335],[77.541,8.335],[77.54,8.347],[77.534,8.368],[77.542,8.379],[77.531,8.393],[77.52,8.382],[77.507,8.387],[77.499,8.38],[77.491,8.379],[77.489,8.388],[77.472,8.401],[77.469,8.415],[77.462,8.428],[77.463,8.441],[77.472,8.455],[77.458,8.468],[77.444,8.476],[77.447,8.498],[77.439,8.507],[77.412,8.517],[77.403,8.517],[77.389,8.524],[77.375,8.518],[77.367,8.525],[77.36,8.541],[77.353,8.539],[77.337,8.553],[77.317,8.561],[77.309,8.56],[77.302,8.566],[77.285,8.568],[77.269,8.579],[77.264,8.589],[77.246,8.603],[77.244,8.622],[77.235,8.627],[77.232,8.636],[77.225,8.639],[77.214,8.649],[77.208,8.664],[77.201,8.669],[77.207,8.681],[77.196,8.702],[77.195,8.708],[77.186,8.713],[77.177,8.726],[77.179,8.731],[77.17,8.742],[77.172,8.75],[77.183,8.743],[77.192,8.744],[77.197,8.75],[77.204,8.769],[77.21,8.765],[77.215,8.775],[77.224,8.784],[77.23,8.785],[77.232,8.808],[77.243,8.81],[77.247,8.822],[77.263,8.843],[77.258,8.85],[77.262,8.857],[77.256,8.879],[77.262,8.881],[77.273,8.876],[77.289,8.879],[77.295,8.882],[77.313,8.873],[77.319,8.875],[77.331,8.876],[77.337,8.871],[77.363,8.873],[77.373,8.87],[77.386,8.87],[77.383,8.862],[77.384,8.849],[77.394,8.848],[77.407,8.838],[77.415,8.818],[77.414,8.811],[77.42,8.787],[77.45,8.764],[77.459,8.767],[77.461,8.778],[77.456,8.786],[77.463,8.79],[77.462,8.802],[77.468,8.812],[77.476,8.807],[77.487,8.806],[77.493,8.797],[77.506,8.795],[77.514,8.803],[77.519,8.802],[77.52,8.787],[77.532,8.786],[77.536,8.79],[77.555,8.785],[77.568,8.789],[77.567,8.8],[77.57,8.811],[77.585,8.827],[77.589,8.852],[77.594,8.868],[77.591,8.875],[77.577,8.874],[77.565,8.895],[77.573,8.909],[77.58,8.907],[77.593,8.911],[77.593,8.945],[77.614,8.942],[77.622,8.949],[77.63,8.947],[77.634,8.955],[77.655,8.956],[77.654,8.946],[77.657,8.934],[77.666,8.931],[77.685,8.919],[77.695,8.919],[77.696,8.926],[77.725,8.926],[77.736,8.924],[77.737,8.932],[77.76,8.928],[77.764,8.918],[77.764,8.904],[77.761,8.891],[77.768,8.883],[77.79,8.883],[77.801,8.88],[77.81,8.871],[77.808,8.867],[77.815,8.858],[77.82,8.846],[77.819,8.837],[77.831,8.833],[77.834,8.823],[77.843,8.816],[77.851,8.804],[77.846,8.796],[77.846,8.789],[77.836,8.781],[77.821,8.778],[77.821,8.75],[77.826,8.743],[77.827,8.73],[77.821,8.72],[77.818,8.699],[77.81,8.683],[77.824,8.681],[77.817,8.672],[77.816,8.665],[77.809,8.658],[77.809,8.647],[77.819,8.65],[77.819,8.631],[77.806,8.612],[77.793,8.615],[77.786,8.619],[77.781,8.583],[77.803,8.576],[77.816,8.563],[77.813,8.553],[77.82,8.55],[77.82,8.541],[77.814,8.528],[77.814,8.52],[77.823,8.518],[77.827,8.512],[77.829,8.499],[77.827,8.49],[77.839,8.484],[77.838,8.473],[77.833,8.453],[77.84,8.452],[77.832,8.432],[77.838,8.426],[77.848,8.424],[77.853,8.415],[77.852,8.403],[77.86,8.399],[77.857,8.385],[77.845,8.385],[77.842,8.379],[77.853,8.377],[77.853,8.367],[77.842,8.366],[77.851,8.356],[77.86,8.356],[77.859,8.341],[77.884,8.347],[77.889,8.342],[77.89,8.324],[77.912,8.322],[77.926,8.331],[77.933,8.33],[77.95,8.335],[77.972,8.333],[77.954,8.32],[77.953,8.315],[77.928,8.299],[77.899,8.285],[77.889,8.274],[77.874,8.267],[77.843,8.254],[77.821,8.248],[77.803,8.24],[77.796,8.232],[77.785,8.223],[77.782,8.214],[77.784,8.207],[77.775,8.196],[77.766,8.193],[77.746,8.177],[77.723,8.171],[77.721,8.169],[77.696,8.163],[77.675,8.16],[77.649,8.159],[77.62,8.152],[77.589,8.142]]]}},{"type":"Feature","properties":{"key":"tirupattur","name":"Tirupattur"},"geometry":{"type":"MultiPolygon","coordinates":[[[[78.858,12.633],[78.857,12.625],[78.839,12.589],[78.822,12.539],[78.798,12.497],[78.79,12.5],[78.782,12.484],[78.776,12.484],[78.778,12.465],[78.768,12.456],[78.759,12.443],[78.769,12.437],[78.768,12.421],[78.765,12.419],[78.761,12.402],[78.752,12.387],[78.743,12.378],[78.729,12.374],[78.728,12.359],[78.713,12.319],[78.71,12.304],[78.703,12.296],[78.695,12.295],[78.69,12.285],[78.679,12.276],[78.676,12.27],[78.648,12.258],[78.639,12.264],[78.644,12.281],[78.64,12.281],[78.624,12.265],[78.617,12.268],[78.61,12.261],[78.601,12.268],[78.604,12.279],[78.613,12.294],[78.609,12.31],[78.598,12.313],[78.599,12.323],[78.604,12.331],[78.611,12.33],[78.617,12.347],[78.612,12.352],[78.584,12.361],[78.582,12.366],[78.57,12.38],[78.569,12.388],[78.555,12.39],[78.544,12.398],[78.526,12.399],[78.514,12.407],[78.509,12.399],[78.495,12.409],[78.487,12.39],[78.464,12.392],[78.46,12.385],[78.436,12.394],[78.442,12.408],[78.448,12.414],[78.453,12.43],[78.448,12.444],[78.45,12.449],[78.435,12.461],[78.416,12.488],[78.419,12.514],[78.413,12.517],[78.417,12.535],[78.416,12.551],[78.421,12.57],[78.41,12.588],[78.407,12.602],[78.41,12.614],[78.407,12.62],[78.413,12.627],[78.427,12.635],[78.433,12.63],[78.459,12.63],[78.465,12.624],[78.472,12.632],[78.468,12.676],[78.485,12.672],[78.5,12.676],[78.504,12.682],[78.503,12.697],[78.499,12.699],[78.504,12.711],[78.512,12.708],[78.519,12.71],[78.521,12.718],[78.523,12.719],[78.529,12.716],[78.531,12.697],[78.541,12.691],[78.555,12.699],[78.555,12.707],[78.562,12.71],[78.554,12.718],[78.561,12.727],[78.564,12.738],[78.558,12.757],[78.566,12.759],[78.568,12.767],[78.593,12.783],[78.593,12.798],[78.601,12.804],[78.6,12.818],[78.608,12.822],[78.603,12.845],[78.632,12.857],[78.645,12.863],[78.66,12.865],[78.687,12.861],[78.716,12.858],[78.719,12.865],[78.73,12.866],[78.733,12.851],[78.737,12.842],[78.734,12.83],[78.745,12.824],[78.749,12.818],[78.762,12.828],[78.773,12.834],[78.783,12.847],[78.793,12.848],[78.8,12.853],[78.811,12.854],[78.839,12.869],[78.844,12.876],[78.862,12.883],[78.874,12.89],[78.887,12.894],[78.9,12.907],[78.908,12.91],[78.913,12.902],[78.913,12.895],[78.906,12.889],[78.91,12.881],[78.903,12.873],[78.9,12.857],[78.878,12.856],[78.877,12.846],[78.881,12.84],[78.893,12.842],[78.898,12.834],[78.89,12.831],[78.875,12.836],[78.865,12.826],[78.869,12.821],[78.884,12.812],[78.879,12.802],[78.878,12.79],[78.872,12.774],[78.864,12.775],[78.851,12.763],[78.847,12.737],[78.854,12.717],[78.846,12.704],[78.845,12.696],[78.854,12.688],[78.855,12.682],[78.841,12.678],[78.839,12.662],[78.814,12.639],[78.838,12.643],[78.844,12.642],[78.858,12.633]]],[[[78.512,12.727],[78.509,12.724],[78.497,12.731],[78.489,12.742],[78.493,12.747],[78.505,12.743],[78.513,12.733],[78.512,12.727]]]]}},{"type":"Feature","properties":{"key":"tiruppur","name":"Tiruppur"},"geometry":{"type":"Polygon","coordinates":[[[77.091,10.314],[77.088,10.325],[77.082,10.334],[77.088,10.36],[77.092,10.365],[77.087,10.378],[77.07,10.393],[77.061,10.405],[77.044,10.416],[77.042,10.426],[77.048,10.431],[77.056,10.445],[77.064,10.449],[77.071,10.458],[77.059,10.474],[77.064,10.487],[77.074,10.496],[77.078,10.503],[77.079,10.515],[77.073,10.516],[77.077,10.53],[77.073,10.54],[77.076,10.555],[77.083,10.564],[77.081,10.572],[77.091,10.584],[77.102,10.586],[77.144,10.583],[77.158,10.584],[77.166,10.591],[77.171,10.6],[77.176,10.628],[77.181,10.644],[77.173,10.644],[77.152,10.651],[77.145,10.66],[77.141,10.68],[77.143,10.695],[77.141,10.723],[77.134,10.75],[77.14,10.755],[77.145,10.765],[77.153,10.766],[77.16,10.779],[77.161,10.793],[77.172,10.802],[77.174,10.797],[77.196,10.803],[77.214,10.804],[77.21,10.791],[77.214,10.786],[77.23,10.777],[77.254,10.776],[77.278,10.784],[77.276,10.791],[77.278,10.803],[77.291,10.812],[77.298,10.811],[77.295,10.827],[77.29,10.832],[77.287,10.848],[77.267,10.859],[77.258,10.87],[77.256,10.889],[77.248,10.905],[77.237,10.907],[77.221,10.901],[77.211,10.902],[77.199,10.92],[77.189,10.918],[77.179,10.927],[77.17,10.957],[77.17,10.969],[77.159,10.991],[77.154,10.997],[77.167,11.005],[77.174,11.012],[77.179,11.036],[77.177,11.045],[77.166,11.06],[77.168,11.067],[77.195,11.079],[77.202,11.087],[77.216,11.09],[77.238,11.104],[77.263,11.114],[77.254,11.122],[77.252,11.128],[77.243,11.138],[77.234,11.139],[77.232,11.127],[77.214,11.127],[77.209,11.141],[77.196,11.144],[77.19,11.15],[77.181,11.138],[77.175,11.142],[77.179,11.15],[77.179,11.161],[77.173,11.168],[77.161,11.168],[77.159,11.197],[77.15,11.201],[77.145,11.208],[77.149,11.223],[77.159,11.231],[77.159,11.243],[77.163,11.252],[77.165,11.268],[77.17,11.283],[77.151,11.279],[77.144,11.287],[77.135,11.283],[77.12,11.29],[77.119,11.303],[77.126,11.307],[77.144,11.305],[77.151,11.306],[77.151,11.319],[77.147,11.336],[77.158,11.333],[77.168,11.317],[77.183,11.32],[77.176,11.331],[77.179,11.342],[77.197,11.339],[77.199,11.343],[77.209,11.345],[77.218,11.352],[77.228,11.351],[77.226,11.342],[77.237,11.326],[77.236,11.314],[77.226,11.318],[77.218,11.306],[77.205,11.309],[77.202,11.302],[77.217,11.298],[77.221,11.302],[77.235,11.306],[77.241,11.324],[77.252,11.322],[77.25,11.311],[77.259,11.313],[77.272,11.324],[77.282,11.334],[77.293,11.33],[77.288,11.322],[77.289,11.302],[77.286,11.292],[77.292,11.287],[77.314,11.282],[77.304,11.267],[77.331,11.257],[77.341,11.267],[77.346,11.277],[77.348,11.29],[77.345,11.3],[77.333,11.307],[77.335,11.317],[77.361,11.316],[77.367,11.325],[77.363,11.341],[77.379,11.339],[77.38,11.331],[77.386,11.323],[77.394,11.322],[77.403,11.315],[77.419,11.31],[77.426,11.32],[77.439,11.308],[77.453,11.308],[77.459,11.304],[77.456,11.294],[77.469,11.27],[77.464,11.259],[77.465,11.252],[77.475,11.241],[77.486,11.237],[77.489,11.23],[77.496,11.23],[77.502,11.219],[77.499,11.206],[77.51,11.199],[77.512,11.183],[77.494,11.182],[77.489,11.179],[77.477,11.185],[77.47,11.165],[77.471,11.16],[77.485,11.16],[77.484,11.147],[77.489,11.141],[77.499,11.144],[77.505,11.125],[77.503,11.109],[77.513,11.106],[77.533,11.104],[77.538,11.108],[77.559,11.109],[77.575,11.119],[77.587,11.121],[77.595,11.112],[77.607,11.117],[77.616,11.127],[77.64,11.123],[77.645,11.117],[77.655,11.115],[77.661,11.104],[77.673,11.1],[77.696,11.096],[77.708,11.091],[77.713,11.078],[77.728,11.076],[77.738,11.085],[77.755,11.071],[77.777,11.058],[77.782,11.051],[77.782,11.039],[77.792,11.033],[77.79,11.019],[77.781,10.998],[77.762,10.985],[77.759,10.98],[77.751,10.981],[77.753,10.966],[77.77,10.962],[77.767,10.935],[77.762,10.924],[77.761,10.903],[77.772,10.893],[77.773,10.877],[77.777,10.87],[77.784,10.873],[77.786,10.885],[77.796,10.877],[77.796,10.866],[77.809,10.858],[77.821,10.858],[77.833,10.837],[77.845,10.837],[77.856,10.849],[77.871,10.84],[77.872,10.822],[77.875,10.81],[77.87,10.801],[77.878,10.789],[77.892,10.792],[77.892,10.774],[77.878,10.776],[77.871,10.772],[77.855,10.784],[77.836,10.787],[77.828,10.792],[77.828,10.798],[77.817,10.799],[77.799,10.806],[77.794,10.79],[77.778,10.79],[77.771,10.767],[77.782,10.764],[77.788,10.756],[77.798,10.752],[77.813,10.758],[77.827,10.75],[77.822,10.734],[77.825,10.715],[77.808,10.694],[77.808,10.681],[77.794,10.685],[77.783,10.684],[77.773,10.68],[77.754,10.668],[77.754,10.651],[77.743,10.637],[77.728,10.63],[77.721,10.631],[77.723,10.641],[77.714,10.642],[77.711,10.649],[77.698,10.662],[77.706,10.678],[77.707,10.687],[77.706,10.716],[77.7,10.733],[77.695,10.735],[77.673,10.724],[77.665,10.716],[77.662,10.698],[77.659,10.692],[77.656,10.673],[77.637,10.669],[77.617,10.674],[77.595,10.676],[77.586,10.683],[77.564,10.649],[77.553,10.642],[77.543,10.61],[77.515,10.606],[77.516,10.613],[77.504,10.633],[77.505,10.643],[77.483,10.65],[77.453,10.639],[77.448,10.631],[77.434,10.632],[77.418,10.626],[77.412,10.617],[77.402,10.613],[77.384,10.59],[77.378,10.561],[77.369,10.55],[77.369,10.539],[77.378,10.526],[77.405,10.524],[77.405,10.509],[77.401,10.499],[77.393,10.495],[77.379,10.494],[77.384,10.473],[77.385,10.449],[77.371,10.449],[77.357,10.445],[77.345,10.448],[77.336,10.455],[77.323,10.449],[77.326,10.444],[77.32,10.434],[77.323,10.427],[77.319,10.418],[77.32,10.407],[77.317,10.404],[77.315,10.373],[77.316,10.356],[77.337,10.354],[77.33,10.341],[77.335,10.332],[77.327,10.321],[77.33,10.31],[77.338,10.304],[77.347,10.29],[77.351,10.276],[77.348,10.263],[77.336,10.266],[77.329,10.271],[77.311,10.246],[77.304,10.244],[77.294,10.247],[77.288,10.232],[77.281,10.237],[77.26,10.23],[77.257,10.259],[77.263,10.263],[77.239,10.296],[77.235,10.307],[77.228,10.315],[77.228,10.327],[77.236,10.339],[77.235,10.351],[77.226,10.353],[77.209,10.353],[77.177,10.358],[77.169,10.354],[77.152,10.338],[77.128,10.326],[77.12,10.318],[77.091,10.314]]]}},{"type":"Feature","properties":{"key":"tiruvallur","name":"Tiruvallur"},"geometry":{"type":"Polygon","coordinates":[[[80.134,13.045],[80.128,13.034],[80.119,13.035],[80.108,13.042],[80.097,13.036],[80.089,13.041],[80.083,13.036],[80.084,13.028],[80.08,13.016],[80.071,13.037],[80.062,13.035],[80.061,13.028],[80.044,13.02],[80.027,13.02],[80.022,13.024],[80.024,13.04],[80.006,13.042],[79.995,13.047],[79.987,13.03],[79.98,13.033],[79.979,13.049],[79.97,13.049],[79.969,13.037],[79.956,13.038],[79.949,13.034],[79.937,13.033],[79.917,13.036],[79.918,13.047],[79.901,13.049],[79.897,13.032],[79.9,13.017],[79.92,13.02],[79.942,13.009],[79.942,13.001],[79.936,12.992],[79.925,12.991],[79.908,13.004],[79.9,12.996],[79.889,12.992],[79.914,12.979],[79.91,12.967],[79.904,12.966],[79.896,12.959],[79.895,12.949],[79.891,12.945],[79.88,12.948],[79.872,12.947],[79.852,12.949],[79.848,12.956],[79.832,12.958],[79.832,12.964],[79.822,12.967],[79.822,12.978],[79.813,12.989],[79.83,12.996],[79.823,13.028],[79.811,13.018],[79.801,13.015],[79.797,13.028],[79.79,13.025],[79.786,13.039],[79.791,13.047],[79.788,13.057],[79.779,13.061],[79.77,13.06],[79.763,13.052],[79.747,13.051],[79.746,13.056],[79.735,13.061],[79.724,13.06],[79.726,13.068],[79.738,13.066],[79.742,13.076],[79.736,13.087],[79.736,13.095],[79.723,13.099],[79.714,13.098],[79.701,13.099],[79.703,13.109],[79.722,13.108],[79.724,13.117],[79.731,13.115],[79.737,13.121],[79.736,13.128],[79.739,13.143],[79.737,13.167],[79.706,13.163],[79.695,13.159],[79.692,13.177],[79.701,13.181],[79.701,13.192],[79.692,13.192],[79.684,13.187],[79.672,13.188],[79.672,13.204],[79.661,13.21],[79.648,13.199],[79.645,13.179],[79.632,13.172],[79.637,13.15],[79.631,13.146],[79.61,13.145],[79.603,13.148],[79.596,13.14],[79.599,13.131],[79.594,13.122],[79.571,13.122],[79.569,13.137],[79.541,13.138],[79.533,13.136],[79.517,13.144],[79.506,13.137],[79.482,13.139],[79.483,13.131],[79.475,13.13],[79.475,13.108],[79.465,13.107],[79.463,13.097],[79.451,13.093],[79.444,13.114],[79.434,13.111],[79.432,13.118],[79.439,13.125],[79.434,13.136],[79.419,13.15],[79.412,13.138],[79.413,13.119],[79.405,13.115],[79.402,13.104],[79.407,13.1],[79.417,13.105],[79.419,13.095],[79.414,13.085],[79.404,13.081],[79.383,13.081],[79.379,13.075],[79.347,13.063],[79.335,13.061],[79.33,13.073],[79.325,13.078],[79.303,13.083],[79.293,13.101],[79.284,13.123],[79.309,13.127],[79.299,13.119],[79.294,13.11],[79.307,13.106],[79.31,13.112],[79.324,13.119],[79.329,13.131],[79.344,13.132],[79.349,13.12],[79.358,13.122],[79.365,13.132],[79.361,13.139],[79.36,13.152],[79.356,13.165],[79.38,13.163],[79.376,13.178],[79.392,13.192],[79.432,13.189],[79.432,13.197],[79.441,13.208],[79.44,13.218],[79.454,13.217],[79.453,13.238],[79.441,13.238],[79.438,13.243],[79.418,13.243],[79.417,13.258],[79.411,13.265],[79.419,13.272],[79.434,13.275],[79.436,13.291],[79.446,13.292],[79.445,13.302],[79.431,13.3],[79.42,13.29],[79.414,13.3],[79.405,13.298],[79.394,13.3],[79.388,13.318],[79.399,13.322],[79.398,13.33],[79.405,13.335],[79.413,13.333],[79.432,13.337],[79.436,13.35],[79.446,13.348],[79.456,13.339],[79.48,13.34],[79.499,13.345],[79.497,13.332],[79.51,13.334],[79.511,13.342],[79.526,13.344],[79.537,13.339],[79.544,13.317],[79.535,13.301],[79.541,13.293],[79.535,13.285],[79.535,13.275],[79.54,13.272],[79.558,13.273],[79.574,13.259],[79.583,13.257],[79.594,13.266],[79.596,13.285],[79.606,13.288],[79.629,13.27],[79.634,13.271],[79.634,13.282],[79.643,13.285],[79.652,13.292],[79.655,13.285],[79.671,13.28],[79.683,13.288],[79.694,13.28],[79.694,13.273],[79.678,13.262],[79.684,13.244],[79.689,13.24],[79.696,13.243],[79.701,13.253],[79.708,13.25],[79.714,13.236],[79.708,13.235],[79.703,13.222],[79.718,13.217],[79.722,13.223],[79.731,13.223],[79.733,13.237],[79.751,13.216],[79.75,13.208],[79.76,13.207],[79.764,13.219],[79.777,13.219],[79.788,13.229],[79.794,13.228],[79.795,13.242],[79.782,13.252],[79.761,13.258],[79.748,13.271],[79.735,13.276],[79.731,13.284],[79.739,13.291],[79.752,13.292],[79.76,13.302],[79.762,13.313],[79.768,13.314],[79.78,13.306],[79.786,13.297],[79.792,13.294],[79.802,13.301],[79.804,13.312],[79.809,13.317],[79.817,13.319],[79.833,13.315],[79.863,13.318],[79.868,13.33],[79.878,13.324],[79.884,13.333],[79.904,13.34],[79.917,13.358],[79.925,13.358],[79.931,13.352],[79.945,13.363],[79.949,13.378],[79.958,13.379],[79.963,13.394],[79.956,13.397],[79.944,13.397],[79.944,13.406],[79.94,13.425],[79.953,13.426],[79.962,13.423],[79.973,13.43],[79.972,13.443],[79.972,13.469],[79.982,13.47],[79.984,13.48],[80.007,13.479],[80.016,13.489],[80.016,13.498],[80.03,13.498],[80.047,13.494],[80.048,13.512],[80.036,13.518],[80.027,13.514],[80.02,13.519],[80.017,13.529],[80.001,13.526],[79.999,13.543],[80.013,13.547],[80.025,13.545],[80.028,13.539],[80.057,13.537],[80.067,13.544],[80.081,13.55],[80.089,13.535],[80.077,13.527],[80.078,13.489],[80.099,13.488],[80.111,13.492],[80.117,13.504],[80.145,13.501],[80.145,13.491],[80.162,13.488],[80.187,13.491],[80.21,13.486],[80.226,13.485],[80.235,13.474],[80.241,13.473],[80.251,13.503],[80.264,13.563],[80.269,13.565],[80.276,13.547],[80.29,13.507],[80.291,13.501],[80.301,13.478],[80.307,13.467],[80.316,13.458],[80.325,13.444],[80.328,13.426],[80.329,13.407],[80.334,13.383],[80.342,13.347],[80.347,13.313],[80.345,13.281],[80.337,13.255],[80.335,13.239],[80.332,13.235],[80.318,13.23],[80.31,13.216],[80.297,13.214],[80.284,13.221],[80.278,13.23],[80.271,13.225],[80.273,13.218],[80.27,13.203],[80.25,13.206],[80.249,13.199],[80.232,13.197],[80.223,13.2],[80.224,13.184],[80.216,13.172],[80.202,13.181],[80.192,13.173],[80.193,13.158],[80.186,13.148],[80.176,13.147],[80.168,13.142],[80.154,13.142],[80.146,13.139],[80.148,13.13],[80.144,13.125],[80.14,13.107],[80.14,13.099],[80.146,13.088],[80.161,13.081],[80.163,13.073],[80.159,13.052],[80.159,13.042],[80.146,13.04],[80.153,13.054],[80.148,13.064],[80.141,13.049],[80.134,13.045]]]}},{"type":"Feature","properties":{"key":"tiruvannamalai","name":"Tiruvannamalai"},"geometry":{"type":"Polygon","coordinates":[[[79.744,12.532],[79.756,12.515],[79.745,12.503],[79.727,12.494],[79.747,12.483],[79.744,12.473],[79.749,12.457],[79.74,12.457],[79.733,12.449],[79.738,12.439],[79.734,12.43],[79.723,12.438],[79.709,12.428],[79.707,12.415],[79.699,12.41],[79.698,12.402],[79.669,12.394],[79.66,12.379],[79.668,12.377],[79.664,12.368],[79.647,12.359],[79.64,12.345],[79.636,12.343],[79.619,12.354],[79.623,12.368],[79.617,12.377],[79.606,12.378],[79.597,12.351],[79.589,12.35],[79.571,12.356],[79.565,12.362],[79.553,12.366],[79.546,12.364],[79.537,12.369],[79.528,12.37],[79.518,12.353],[79.511,12.354],[79.507,12.346],[79.497,12.345],[79.489,12.349],[79.491,12.367],[79.484,12.37],[79.474,12.365],[79.461,12.374],[79.451,12.374],[79.447,12.387],[79.448,12.396],[79.436,12.395],[79.438,12.407],[79.433,12.41],[79.426,12.401],[79.421,12.411],[79.415,12.407],[79.408,12.412],[79.408,12.418],[79.397,12.436],[79.382,12.442],[79.367,12.444],[79.347,12.443],[79.325,12.451],[79.319,12.449],[79.309,12.439],[79.287,12.443],[79.269,12.448],[79.243,12.445],[79.235,12.437],[79.23,12.428],[79.227,12.411],[79.227,12.402],[79.239,12.4],[79.246,12.393],[79.249,12.383],[79.244,12.373],[79.235,12.369],[79.234,12.354],[79.239,12.347],[79.227,12.343],[79.221,12.35],[79.207,12.342],[79.219,12.338],[79.224,12.332],[79.235,12.33],[79.234,12.316],[79.246,12.316],[79.25,12.322],[79.289,12.318],[79.285,12.306],[79.277,12.301],[79.28,12.292],[79.272,12.292],[79.261,12.277],[79.245,12.274],[79.24,12.254],[79.244,12.236],[79.219,12.215],[79.216,12.209],[79.229,12.203],[79.233,12.197],[79.235,12.184],[79.223,12.183],[79.222,12.194],[79.216,12.198],[79.21,12.187],[79.214,12.184],[79.211,12.166],[79.238,12.153],[79.245,12.143],[79.254,12.138],[79.264,12.128],[79.278,12.125],[79.279,12.108],[79.271,12.104],[79.26,12.082],[79.238,12.077],[79.24,12.07],[79.235,12.061],[79.216,12.064],[79.209,12.071],[79.201,12.07],[79.196,12.057],[79.191,12.051],[79.176,12.047],[79.173,12.03],[79.165,12.032],[79.147,12.044],[79.139,12.036],[79.136,12.026],[79.125,12.019],[79.113,12.026],[79.107,12.02],[79.096,12.025],[79.095,12.03],[79.079,12.032],[79.081,12.039],[79.093,12.049],[79.098,12.069],[79.085,12.081],[79.075,12.07],[79.063,12.07],[79.065,12.059],[79.052,12.037],[79.029,12.048],[79.021,12.055],[79.032,12.064],[79.016,12.065],[78.995,12.068],[78.99,12.062],[78.978,12.067],[78.967,12.065],[78.96,12.069],[78.953,12.065],[78.943,12.053],[78.949,12.041],[78.943,12.029],[78.929,12.014],[78.912,12.005],[78.882,12.002],[78.865,12.004],[78.857,12.01],[78.842,12.007],[78.817,12.009],[78.805,12.019],[78.794,12.013],[78.771,12.007],[78.757,12.011],[78.744,11.997],[78.729,11.987],[78.717,11.984],[78.703,11.986],[78.698,11.993],[78.702,11.999],[78.7,12.006],[78.704,12.018],[78.704,12.03],[78.71,12.047],[78.72,12.067],[78.723,12.088],[78.734,12.113],[78.745,12.124],[78.738,12.134],[78.729,12.128],[78.706,12.121],[78.691,12.115],[78.684,12.106],[78.666,12.103],[78.664,12.115],[78.657,12.125],[78.647,12.129],[78.631,12.128],[78.63,12.135],[78.64,12.147],[78.647,12.164],[78.633,12.177],[78.641,12.198],[78.648,12.194],[78.67,12.197],[78.68,12.207],[78.689,12.222],[78.68,12.223],[78.673,12.235],[78.665,12.233],[78.651,12.24],[78.653,12.252],[78.648,12.258],[78.676,12.27],[78.679,12.276],[78.69,12.285],[78.695,12.295],[78.703,12.296],[78.71,12.304],[78.713,12.319],[78.728,12.359],[78.729,12.374],[78.743,12.378],[78.752,12.387],[78.761,12.402],[78.765,12.419],[78.768,12.421],[78.769,12.437],[78.759,12.443],[78.768,12.456],[78.778,12.465],[78.776,12.484],[78.782,12.484],[78.79,12.5],[78.798,12.497],[78.822,12.539],[78.839,12.589],[78.857,12.625],[78.858,12.633],[78.866,12.632],[78.876,12.654],[78.882,12.656],[78.888,12.67],[78.899,12.688],[78.912,12.687],[78.928,12.676],[78.944,12.681],[78.971,12.671],[78.981,12.674],[78.979,12.68],[78.988,12.693],[79.007,12.702],[79.024,12.693],[79.023,12.674],[79.033,12.699],[79.041,12.709],[79.051,12.719],[79.058,12.721],[79.057,12.73],[79.065,12.747],[79.074,12.752],[79.082,12.75],[79.09,12.759],[79.106,12.76],[79.119,12.759],[79.132,12.762],[79.141,12.76],[79.153,12.753],[79.163,12.766],[79.172,12.76],[79.172,12.745],[79.177,12.744],[79.197,12.748],[79.206,12.746],[79.214,12.761],[79.209,12.785],[79.219,12.792],[79.224,12.791],[79.238,12.798],[79.24,12.809],[79.252,12.808],[79.259,12.814],[79.262,12.794],[79.272,12.791],[79.285,12.782],[79.288,12.775],[79.284,12.763],[79.296,12.747],[79.311,12.743],[79.328,12.74],[79.33,12.735],[79.343,12.732],[79.346,12.708],[79.339,12.701],[79.345,12.695],[79.358,12.697],[79.354,12.711],[79.356,12.719],[79.376,12.722],[79.38,12.733],[79.387,12.733],[79.393,12.723],[79.392,12.714],[79.38,12.708],[79.395,12.69],[79.383,12.683],[79.37,12.681],[79.356,12.672],[79.361,12.667],[79.362,12.652],[79.352,12.646],[79.369,12.632],[79.383,12.628],[79.405,12.646],[79.41,12.656],[79.427,12.658],[79.434,12.665],[79.451,12.671],[79.459,12.69],[79.455,12.699],[79.465,12.7],[79.466,12.718],[79.475,12.731],[79.467,12.732],[79.453,12.74],[79.456,12.75],[79.466,12.763],[79.469,12.771],[79.46,12.783],[79.462,12.799],[79.476,12.8],[79.477,12.807],[79.457,12.81],[79.461,12.829],[79.457,12.844],[79.462,12.849],[79.473,12.851],[79.473,12.874],[79.503,12.869],[79.512,12.857],[79.539,12.863],[79.56,12.854],[79.579,12.843],[79.585,12.835],[79.603,12.827],[79.608,12.829],[79.628,12.821],[79.639,12.814],[79.643,12.803],[79.641,12.786],[79.65,12.782],[79.646,12.772],[79.655,12.764],[79.659,12.767],[79.66,12.776],[79.67,12.777],[79.673,12.791],[79.69,12.783],[79.698,12.776],[79.708,12.776],[79.707,12.766],[79.712,12.757],[79.731,12.756],[79.745,12.744],[79.741,12.734],[79.723,12.732],[79.727,12.723],[79.736,12.719],[79.738,12.704],[79.744,12.697],[79.722,12.684],[79.704,12.676],[79.695,12.674],[79.682,12.668],[79.671,12.667],[79.659,12.671],[79.647,12.67],[79.643,12.657],[79.638,12.655],[79.637,12.644],[79.63,12.631],[79.645,12.625],[79.644,12.613],[79.647,12.602],[79.654,12.603],[79.666,12.593],[79.678,12.599],[79.691,12.601],[79.697,12.595],[79.71,12.593],[79.725,12.587],[79.725,12.579],[79.716,12.581],[79.707,12.575],[79.706,12.569],[79.719,12.565],[79.715,12.55],[79.721,12.547],[79.744,12.532]]]}},{"type":"Feature","properties":{"key":"tiruvarur","name":"Tiruvarur"},"geometry":{"type":"Polygon","coordinates":[[[79.748,10.996],[79.753,10.988],[79.754,10.977],[79.76,10.972],[79.759,10.961],[79.745,10.957],[79.746,10.965],[79.735,10.969],[79.721,10.969],[79.72,10.954],[79.733,10.951],[79.726,10.943],[79.725,10.93],[79.716,10.931],[79.714,10.914],[79.708,10.919],[79.691,10.92],[79.689,10.927],[79.681,10.928],[79.679,10.915],[79.669,10.914],[79.668,10.901],[79.656,10.893],[79.653,10.886],[79.654,10.874],[79.651,10.856],[79.655,10.838],[79.648,10.835],[79.653,10.825],[79.641,10.826],[79.631,10.823],[79.631,10.815],[79.641,10.816],[79.656,10.806],[79.659,10.817],[79.677,10.819],[79.687,10.816],[79.686,10.83],[79.728,10.828],[79.728,10.812],[79.732,10.81],[79.73,10.798],[79.704,10.783],[79.7,10.767],[79.695,10.763],[79.698,10.745],[79.684,10.733],[79.687,10.716],[79.676,10.712],[79.655,10.713],[79.652,10.702],[79.66,10.702],[79.676,10.689],[79.678,10.68],[79.671,10.669],[79.667,10.65],[79.654,10.657],[79.65,10.644],[79.657,10.641],[79.674,10.624],[79.666,10.617],[79.656,10.613],[79.659,10.604],[79.667,10.603],[79.67,10.587],[79.687,10.584],[79.68,10.573],[79.669,10.576],[79.66,10.559],[79.676,10.562],[79.678,10.556],[79.688,10.555],[79.697,10.549],[79.71,10.553],[79.715,10.542],[79.727,10.536],[79.715,10.526],[79.7,10.506],[79.69,10.503],[79.699,10.489],[79.699,10.483],[79.677,10.481],[79.689,10.455],[79.69,10.45],[79.674,10.448],[79.66,10.441],[79.659,10.446],[79.632,10.446],[79.631,10.412],[79.627,10.396],[79.637,10.379],[79.638,10.362],[79.64,10.341],[79.662,10.328],[79.676,10.318],[79.705,10.293],[79.72,10.289],[79.718,10.282],[79.709,10.281],[79.673,10.289],[79.657,10.29],[79.645,10.294],[79.594,10.303],[79.585,10.303],[79.539,10.308],[79.538,10.313],[79.549,10.318],[79.544,10.325],[79.538,10.324],[79.513,10.313],[79.499,10.315],[79.499,10.349],[79.505,10.357],[79.505,10.366],[79.49,10.371],[79.487,10.379],[79.475,10.372],[79.468,10.381],[79.464,10.394],[79.477,10.394],[79.474,10.407],[79.466,10.407],[79.465,10.416],[79.459,10.419],[79.455,10.434],[79.472,10.434],[79.476,10.45],[79.47,10.46],[79.479,10.463],[79.483,10.49],[79.477,10.493],[79.468,10.493],[79.462,10.487],[79.453,10.491],[79.459,10.501],[79.469,10.511],[79.458,10.514],[79.457,10.52],[79.439,10.524],[79.438,10.531],[79.423,10.535],[79.423,10.542],[79.444,10.551],[79.446,10.558],[79.429,10.557],[79.424,10.55],[79.4,10.554],[79.398,10.561],[79.401,10.569],[79.4,10.577],[79.392,10.582],[79.361,10.579],[79.352,10.583],[79.347,10.592],[79.349,10.607],[79.354,10.607],[79.348,10.627],[79.354,10.632],[79.358,10.645],[79.343,10.658],[79.318,10.661],[79.317,10.672],[79.32,10.685],[79.313,10.702],[79.307,10.71],[79.308,10.721],[79.302,10.738],[79.312,10.747],[79.32,10.737],[79.344,10.74],[79.361,10.752],[79.361,10.765],[79.345,10.766],[79.346,10.783],[79.353,10.794],[79.37,10.796],[79.371,10.808],[79.356,10.808],[79.353,10.811],[79.339,10.811],[79.325,10.818],[79.308,10.824],[79.302,10.829],[79.295,10.843],[79.295,10.864],[79.289,10.872],[79.274,10.873],[79.275,10.883],[79.268,10.888],[79.272,10.899],[79.268,10.905],[79.287,10.907],[79.287,10.918],[79.279,10.922],[79.292,10.938],[79.301,10.936],[79.309,10.928],[79.328,10.925],[79.329,10.916],[79.344,10.912],[79.359,10.9],[79.368,10.899],[79.377,10.893],[79.39,10.896],[79.405,10.893],[79.409,10.888],[79.439,10.873],[79.446,10.872],[79.454,10.865],[79.466,10.865],[79.472,10.87],[79.486,10.869],[79.488,10.889],[79.493,10.889],[79.507,10.896],[79.507,10.904],[79.496,10.904],[79.494,10.916],[79.486,10.922],[79.499,10.932],[79.501,10.942],[79.514,10.942],[79.519,10.947],[79.516,10.956],[79.516,10.97],[79.538,10.969],[79.545,10.966],[79.557,10.975],[79.575,10.978],[79.58,10.983],[79.591,10.983],[79.599,10.973],[79.605,10.982],[79.625,10.983],[79.635,10.989],[79.635,10.997],[79.64,11.007],[79.647,11.012],[79.663,11.016],[79.686,11.017],[79.7,11.015],[79.711,11.006],[79.716,11.009],[79.723,10.998],[79.732,10.995],[79.748,10.996]]]}},{"type":"Feature","properties":{"key":"vellore","name":"Vellore"},"geometry":{"type":"MultiPolygon","coordinates":[[[[79.293,13.101],[79.272,13.087],[79.283,13.071],[79.294,13.052],[79.292,13.043],[79.286,13.039],[79.279,13.011],[79.27,12.998],[79.267,12.985],[79.27,12.97],[79.269,12.957],[79.261,12.944],[79.252,12.952],[79.229,12.957],[79.217,12.955],[79.216,12.947],[79.21,12.939],[79.194,12.934],[79.188,12.926],[79.186,12.918],[79.191,12.908],[79.206,12.905],[79.211,12.895],[79.192,12.884],[79.194,12.875],[79.184,12.861],[79.182,12.835],[79.178,12.82],[79.191,12.81],[79.198,12.79],[79.209,12.785],[79.214,12.761],[79.206,12.746],[79.197,12.748],[79.177,12.744],[79.172,12.745],[79.172,12.76],[79.163,12.766],[79.153,12.753],[79.141,12.76],[79.132,12.762],[79.119,12.759],[79.106,12.76],[79.09,12.759],[79.082,12.75],[79.074,12.752],[79.065,12.747],[79.057,12.73],[79.058,12.721],[79.051,12.719],[79.041,12.709],[79.033,12.699],[79.023,12.674],[79.024,12.693],[79.007,12.702],[78.988,12.693],[78.979,12.68],[78.981,12.674],[78.971,12.671],[78.944,12.681],[78.928,12.676],[78.912,12.687],[78.899,12.688],[78.888,12.67],[78.882,12.656],[78.876,12.654],[78.866,12.632],[78.858,12.633],[78.844,12.642],[78.838,12.643],[78.814,12.639],[78.839,12.662],[78.841,12.678],[78.855,12.682],[78.854,12.688],[78.845,12.696],[78.846,12.704],[78.854,12.717],[78.847,12.737],[78.851,12.763],[78.864,12.775],[78.872,12.774],[78.878,12.79],[78.879,12.802],[78.884,12.812],[78.869,12.821],[78.865,12.826],[78.875,12.836],[78.89,12.831],[78.898,12.834],[78.893,12.842],[78.881,12.84],[78.877,12.846],[78.878,12.856],[78.9,12.857],[78.903,12.873],[78.91,12.881],[78.906,12.889],[78.913,12.895],[78.913,12.902],[78.908,12.91],[78.9,12.907],[78.887,12.894],[78.874,12.89],[78.862,12.883],[78.844,12.876],[78.839,12.869],[78.811,12.854],[78.8,12.853],[78.793,12.848],[78.783,12.847],[78.773,12.834],[78.762,12.828],[78.749,12.818],[78.745,12.824],[78.734,12.83],[78.737,12.842],[78.733,12.851],[78.73,12.866],[78.719,12.865],[78.716,12.858],[78.687,12.861],[78.66,12.865],[78.645,12.863],[78.632,12.857],[78.603,12.845],[78.602,12.851],[78.613,12.868],[78.615,12.883],[78.623,12.904],[78.633,12.925],[78.634,12.931],[78.653,12.929],[78.65,12.94],[78.638,12.965],[78.64,12.971],[78.621,12.991],[78.631,12.995],[78.635,13.001],[78.645,13.006],[78.656,13.015],[78.656,13.031],[78.677,13.024],[78.705,13.015],[78.708,13.036],[78.715,13.069],[78.74,13.064],[78.751,13.055],[78.788,13.064],[78.795,13.067],[78.798,13.075],[78.813,13.089],[78.821,13.088],[78.842,13.079],[78.861,13.084],[78.871,13.082],[78.87,13.091],[78.881,13.098],[78.896,13.095],[78.892,13.09],[78.889,13.073],[78.891,13.069],[78.892,13.033],[78.917,13.034],[78.929,13.036],[78.929,13.046],[78.919,13.044],[78.906,13.045],[78.904,13.05],[78.91,13.063],[78.922,13.066],[78.924,13.081],[78.941,13.079],[78.95,13.08],[78.955,13.076],[78.969,13.078],[78.972,13.084],[78.983,13.086],[79.004,13.085],[79.009,13.077],[79.015,13.077],[79.035,13.07],[79.039,13.061],[79.063,13.053],[79.064,13.04],[79.081,13.026],[79.087,13.028],[79.098,13.026],[79.109,13.039],[79.115,13.039],[79.138,13.034],[79.15,13.024],[79.163,13.02],[79.172,13.027],[79.185,13.03],[79.192,13.048],[79.183,13.047],[79.183,13.057],[79.192,13.067],[79.186,13.075],[79.2,13.088],[79.213,13.092],[79.234,13.105],[79.238,13.119],[79.23,13.126],[79.228,13.14],[79.222,13.146],[79.21,13.148],[79.215,13.157],[79.227,13.159],[79.236,13.171],[79.241,13.162],[79.245,13.149],[79.254,13.146],[79.253,13.16],[79.26,13.16],[79.262,13.149],[79.277,13.156],[79.281,13.153],[79.284,13.123],[79.293,13.101]]],[[[78.523,12.719],[78.521,12.718],[78.509,12.724],[78.512,12.727],[78.523,12.719]]]]}},{"type":"Feature","properties":{"key":"viluppuram","name":"Viluppuram"},"geometry":{"type":"Polygon","coordinates":[[[79.64,12.345],[79.649,12.341],[79.653,12.33],[79.661,12.323],[79.674,12.316],[79.683,12.317],[79.686,12.324],[79.697,12.325],[79.7,12.333],[79.716,12.335],[79.722,12.331],[79.75,12.325],[79.779,12.339],[79.788,12.336],[79.799,12.337],[79.804,12.327],[79.814,12.321],[79.82,12.312],[79.827,12.313],[79.833,12.298],[79.838,12.294],[79.847,12.276],[79.862,12.262],[79.865,12.252],[79.873,12.243],[79.901,12.229],[79.914,12.236],[79.925,12.232],[79.921,12.25],[79.944,12.242],[79.955,12.229],[79.96,12.234],[79.973,12.233],[79.983,12.241],[79.988,12.251],[80.004,12.257],[80.009,12.255],[79.985,12.219],[79.974,12.201],[79.924,12.126],[79.885,12.064],[79.874,12.042],[79.85,12.051],[79.844,12.036],[79.841,12.013],[79.857,12.006],[79.847,11.978],[79.841,11.956],[79.825,11.962],[79.819,11.978],[79.81,11.975],[79.803,11.953],[79.792,11.959],[79.785,11.96],[79.777,11.954],[79.772,11.944],[79.76,11.944],[79.761,11.931],[79.756,11.92],[79.749,11.922],[79.749,11.944],[79.745,11.965],[79.725,11.971],[79.726,11.986],[79.743,11.978],[79.748,11.985],[79.76,11.989],[79.762,12.003],[79.746,12.008],[79.738,12.001],[79.733,11.993],[79.721,11.993],[79.71,11.977],[79.716,11.971],[79.71,11.966],[79.696,11.964],[79.692,11.951],[79.697,11.942],[79.708,11.941],[79.71,11.95],[79.721,11.945],[79.718,11.929],[79.726,11.923],[79.741,11.905],[79.731,11.902],[79.731,11.892],[79.722,11.889],[79.705,11.894],[79.707,11.914],[79.718,11.913],[79.719,11.919],[79.696,11.919],[79.695,11.895],[79.674,11.892],[79.674,11.881],[79.685,11.881],[79.69,11.881],[79.689,11.864],[79.695,11.86],[79.694,11.848],[79.7,11.84],[79.7,11.832],[79.69,11.828],[79.686,11.813],[79.676,11.814],[79.675,11.807],[79.666,11.811],[79.647,11.799],[79.635,11.802],[79.624,11.812],[79.619,11.822],[79.602,11.83],[79.591,11.841],[79.58,11.844],[79.565,11.84],[79.543,11.848],[79.529,11.857],[79.51,11.858],[79.487,11.867],[79.468,11.872],[79.455,11.871],[79.441,11.873],[79.431,11.881],[79.414,11.899],[79.393,11.909],[79.375,11.92],[79.362,11.919],[79.349,11.926],[79.322,11.921],[79.308,11.92],[79.304,11.936],[79.293,11.944],[79.285,11.942],[79.264,11.95],[79.237,11.952],[79.222,11.962],[79.218,11.969],[79.209,11.975],[79.185,11.973],[79.186,11.986],[79.171,11.989],[79.17,12.019],[79.173,12.03],[79.176,12.047],[79.191,12.051],[79.196,12.057],[79.201,12.07],[79.209,12.071],[79.216,12.064],[79.235,12.061],[79.24,12.07],[79.238,12.077],[79.26,12.082],[79.271,12.104],[79.279,12.108],[79.278,12.125],[79.264,12.128],[79.254,12.138],[79.245,12.143],[79.238,12.153],[79.211,12.166],[79.214,12.184],[79.21,12.187],[79.216,12.198],[79.222,12.194],[79.223,12.183],[79.235,12.184],[79.233,12.197],[79.229,12.203],[79.216,12.209],[79.219,12.215],[79.244,12.236],[79.24,12.254],[79.245,12.274],[79.261,12.277],[79.272,12.292],[79.28,12.292],[79.277,12.301],[79.285,12.306],[79.289,12.318],[79.25,12.322],[79.246,12.316],[79.234,12.316],[79.235,12.33],[79.224,12.332],[79.219,12.338],[79.207,12.342],[79.221,12.35],[79.227,12.343],[79.239,12.347],[79.234,12.354],[79.235,12.369],[79.244,12.373],[79.249,12.383],[79.246,12.393],[79.239,12.4],[79.227,12.402],[79.227,12.411],[79.23,12.428],[79.235,12.437],[79.243,12.445],[79.269,12.448],[79.287,12.443],[79.309,12.439],[79.319,12.449],[79.325,12.451],[79.347,12.443],[79.367,12.444],[79.382,12.442],[79.397,12.436],[79.408,12.418],[79.408,12.412],[79.415,12.407],[79.421,12.411],[79.426,12.401],[79.433,12.41],[79.438,12.407],[79.436,12.395],[79.448,12.396],[79.447,12.387],[79.451,12.374],[79.461,12.374],[79.474,12.365],[79.484,12.37],[79.491,12.367],[79.489,12.349],[79.497,12.345],[79.507,12.346],[79.511,12.354],[79.518,12.353],[79.528,12.37],[79.537,12.369],[79.546,12.364],[79.553,12.366],[79.565,12.362],[79.571,12.356],[79.589,12.35],[79.597,12.351],[79.606,12.378],[79.617,12.377],[79.623,12.368],[79.619,12.354],[79.636,12.343],[79.64,12.345]],[[79.691,12.032],[79.681,12.021],[79.675,12.021],[79.671,12.01],[79.662,12.012],[79.658,12.005],[79.657,11.991],[79.662,11.99],[79.672,11.995],[79.681,11.983],[79.685,11.992],[79.691,11.99],[79.718,11.998],[79.703,12.008],[79.704,12.027],[79.702,12.032],[79.691,12.032]],[[79.639,11.987],[79.645,12.005],[79.648,12.019],[79.645,12.027],[79.626,12.032],[79.629,12.019],[79.621,12.014],[79.62,12],[79.626,12],[79.624,11.989],[79.627,11.968],[79.628,11.945],[79.619,11.943],[79.618,11.926],[79.628,11.919],[79.625,11.903],[79.641,11.902],[79.641,11.908],[79.656,11.908],[79.669,11.918],[79.669,11.938],[79.664,11.938],[79.657,11.947],[79.643,11.942],[79.647,11.953],[79.649,11.968],[79.641,11.97],[79.636,11.978],[79.639,11.987]],[[79.678,11.972],[79.673,11.968],[79.662,11.969],[79.66,11.958],[79.655,11.953],[79.677,11.948],[79.683,11.952],[79.687,11.973],[79.678,11.972]],[[79.617,11.883],[79.608,11.877],[79.603,11.869],[79.602,11.858],[79.614,11.863],[79.619,11.87],[79.628,11.87],[79.626,11.855],[79.647,11.85],[79.657,11.852],[79.663,11.861],[79.663,11.867],[79.649,11.871],[79.648,11.88],[79.641,11.887],[79.621,11.891],[79.617,11.883]],[[79.647,11.844],[79.643,11.826],[79.648,11.815],[79.663,11.813],[79.671,11.815],[79.671,11.824],[79.659,11.829],[79.662,11.839],[79.647,11.844]]]}},{"type":"Feature","properties":{"key":"virudhunagar","name":"Virudhunagar"},"geometry":{"type":"Polygon","coordinates":[[[77.475,9.563],[77.491,9.573],[77.498,9.575],[77.5,9.596],[77.505,9.599],[77.517,9.617],[77.517,9.627],[77.52,9.638],[77.528,9.65],[77.537,9.66],[77.547,9.659],[77.543,9.645],[77.552,9.646],[77.563,9.66],[77.58,9.667],[77.586,9.667],[77.59,9.679],[77.606,9.695],[77.631,9.704],[77.644,9.705],[77.65,9.695],[77.651,9.683],[77.668,9.677],[77.699,9.692],[77.708,9.691],[77.715,9.7],[77.726,9.693],[77.734,9.692],[77.759,9.682],[77.763,9.679],[77.768,9.661],[77.768,9.65],[77.776,9.64],[77.791,9.639],[77.795,9.649],[77.809,9.64],[77.815,9.641],[77.829,9.636],[77.842,9.635],[77.846,9.651],[77.855,9.648],[77.891,9.642],[77.897,9.628],[77.911,9.638],[77.922,9.638],[77.923,9.648],[77.954,9.649],[77.965,9.644],[77.966,9.634],[77.975,9.63],[77.988,9.636],[77.991,9.642],[78.005,9.642],[78.015,9.639],[78.017,9.647],[78.031,9.66],[78.041,9.679],[78.058,9.674],[78.059,9.662],[78.076,9.66],[78.082,9.663],[78.08,9.675],[78.087,9.68],[78.083,9.693],[78.076,9.697],[78.08,9.708],[78.068,9.723],[78.073,9.732],[78.061,9.742],[78.067,9.753],[78.078,9.749],[78.084,9.758],[78.101,9.755],[78.104,9.768],[78.088,9.776],[78.099,9.779],[78.107,9.786],[78.112,9.779],[78.126,9.771],[78.137,9.762],[78.134,9.748],[78.146,9.743],[78.147,9.75],[78.163,9.758],[78.185,9.758],[78.196,9.768],[78.204,9.764],[78.208,9.781],[78.219,9.777],[78.229,9.764],[78.241,9.756],[78.257,9.752],[78.277,9.741],[78.272,9.729],[78.277,9.721],[78.277,9.694],[78.273,9.686],[78.283,9.682],[78.287,9.676],[78.3,9.677],[78.302,9.688],[78.296,9.691],[78.3,9.703],[78.305,9.706],[78.312,9.723],[78.322,9.734],[78.328,9.726],[78.321,9.71],[78.327,9.693],[78.336,9.688],[78.342,9.68],[78.342,9.672],[78.336,9.669],[78.339,9.658],[78.345,9.657],[78.35,9.666],[78.356,9.652],[78.376,9.657],[78.388,9.654],[78.394,9.646],[78.39,9.631],[78.394,9.619],[78.4,9.612],[78.408,9.619],[78.418,9.608],[78.429,9.609],[78.426,9.6],[78.418,9.6],[78.412,9.588],[78.403,9.591],[78.394,9.581],[78.382,9.58],[78.373,9.573],[78.377,9.553],[78.376,9.54],[78.387,9.536],[78.382,9.516],[78.376,9.508],[78.365,9.512],[78.347,9.511],[78.34,9.496],[78.328,9.495],[78.327,9.484],[78.331,9.481],[78.33,9.463],[78.311,9.468],[78.309,9.46],[78.299,9.461],[78.298,9.455],[78.305,9.449],[78.301,9.442],[78.272,9.449],[78.228,9.445],[78.219,9.447],[78.215,9.433],[78.221,9.43],[78.223,9.41],[78.243,9.407],[78.243,9.381],[78.255,9.374],[78.26,9.376],[78.263,9.387],[78.274,9.384],[78.284,9.39],[78.296,9.389],[78.303,9.384],[78.308,9.365],[78.307,9.352],[78.31,9.345],[78.295,9.343],[78.294,9.332],[78.305,9.324],[78.311,9.335],[78.324,9.334],[78.329,9.346],[78.337,9.354],[78.353,9.353],[78.363,9.349],[78.365,9.339],[78.353,9.309],[78.346,9.309],[78.347,9.298],[78.341,9.293],[78.336,9.282],[78.323,9.277],[78.316,9.282],[78.305,9.281],[78.281,9.284],[78.281,9.29],[78.262,9.295],[78.245,9.297],[78.227,9.297],[78.212,9.305],[78.209,9.327],[78.191,9.332],[78.171,9.342],[78.167,9.355],[78.168,9.369],[78.149,9.372],[78.137,9.366],[78.113,9.363],[78.074,9.361],[78.057,9.363],[78.052,9.358],[78.05,9.345],[78.042,9.337],[78.034,9.334],[78.036,9.323],[78.048,9.314],[78.049,9.307],[78.04,9.306],[78.011,9.308],[78.007,9.304],[78.011,9.295],[78.008,9.274],[77.988,9.268],[77.984,9.251],[77.964,9.252],[77.957,9.249],[77.956,9.23],[77.948,9.231],[77.946,9.221],[77.932,9.223],[77.93,9.216],[77.918,9.202],[77.909,9.2],[77.9,9.204],[77.887,9.205],[77.878,9.208],[77.879,9.218],[77.875,9.226],[77.881,9.234],[77.88,9.245],[77.866,9.245],[77.826,9.243],[77.806,9.246],[77.807,9.252],[77.796,9.256],[77.797,9.273],[77.774,9.276],[77.773,9.27],[77.788,9.263],[77.79,9.252],[77.782,9.247],[77.781,9.239],[77.77,9.236],[77.769,9.242],[77.761,9.249],[77.758,9.267],[77.746,9.268],[77.742,9.264],[77.739,9.281],[77.722,9.281],[77.712,9.291],[77.677,9.287],[77.661,9.287],[77.645,9.289],[77.607,9.302],[77.604,9.307],[77.591,9.309],[77.591,9.344],[77.587,9.348],[77.573,9.343],[77.575,9.354],[77.56,9.355],[77.55,9.363],[77.552,9.369],[77.531,9.376],[77.529,9.36],[77.521,9.354],[77.528,9.349],[77.521,9.335],[77.506,9.332],[77.475,9.341],[77.472,9.328],[77.465,9.329],[77.459,9.336],[77.463,9.346],[77.458,9.351],[77.441,9.354],[77.443,9.363],[77.451,9.37],[77.438,9.382],[77.435,9.39],[77.42,9.399],[77.406,9.394],[77.397,9.396],[77.388,9.392],[77.379,9.402],[77.372,9.402],[77.361,9.411],[77.35,9.413],[77.339,9.42],[77.344,9.423],[77.349,9.441],[77.366,9.46],[77.377,9.453],[77.393,9.459],[77.391,9.469],[77.398,9.472],[77.399,9.495],[77.412,9.509],[77.4,9.518],[77.402,9.525],[77.414,9.537],[77.422,9.54],[77.428,9.547],[77.455,9.542],[77.477,9.552],[77.475,9.563]]]}}]}